arm,label,unit,threshold,net_benefit,net_benefit_treat_all,net_benefit_treat_none,flagged_fraction,prevalence,n_items,n_groups
R1_prevalence,deterioration_icu_24h,record,0.01,0.11712725822293482,0.11712725822293484,0.0,1.0,0.12595598564070548,6407,3626
R1_prevalence,deterioration_icu_24h,record,0.02,0.10811835269459742,0.10811835269459744,0.0,1.0,0.12595598564070548,6407,3626
R1_prevalence,deterioration_icu_24h,record,0.03,0.09892369653680977,0.09892369653680977,0.0,1.0,0.12595598564070548,6407,3626
R1_prevalence,deterioration_icu_24h,record,0.04,0.08953748504240153,0.08953748504240154,0.0,1.0,0.12595598564070548,6407,3626
R1_prevalence,deterioration_icu_24h,record,0.05,0.07995366909547945,0.07995366909547946,0.0,1.0,0.12595598564070548,6407,3626
R1_prevalence,deterioration_icu_24h,record,0.06,0.07016594217096328,0.07016594217096328,0.0,1.0,0.12595598564070548,6407,3626
R1_prevalence,deterioration_icu_24h,record,0.07,0.060167726495382226,0.060167726495382226,0.0,1.0,0.12595598564070548,6407,3626
R1_prevalence,deterioration_icu_24h,record,0.08,0.04995215830511465,0.049952158305114666,0.0,1.0,0.12595598564070548,6407,3626
R1_prevalence,deterioration_icu_24h,record,0.09,0.03951207213264338,0.03951207213264339,0.0,1.0,0.12595598564070548,6407,3626
R1_prevalence,deterioration_icu_24h,record,0.1,0.028839984045228306,0.028839984045228306,0.0,1.0,0.12595598564070548,6407,3626
R1_prevalence,deterioration_icu_24h,record,0.11,0.017928073753601656,0.01792807375360167,0.0,1.0,0.12595598564070548,6407,3626
R1_prevalence,deterioration_icu_24h,record,0.12,0.0067681655008016844,0.006768165500801698,0.0,1.0,0.12595598564070548,6407,3626
R1_prevalence,deterioration_icu_24h,record,0.13,0.0,-0.004648292367005202,0.0,0.0,0.12595598564070548,6407,3626
R1_prevalence,deterioration_icu_24h,record,0.14,0.0,-0.01633024925499363,0.0,0.0,0.12595598564070548,6407,3626
R1_prevalence,deterioration_icu_24h,record,0.15,0.0,-0.028287075716817073,0.0,0.0,0.12595598564070548,6407,3626
R1_prevalence,deterioration_icu_24h,record,0.16,0.0,-0.04052858852296967,0.0,0.0,0.12595598564070548,6407,3626
R1_prevalence,deterioration_icu_24h,record,0.17,0.0,-0.0530650775413187,0.0,0.0,0.12595598564070548,6407,3626
R1_prevalence,deterioration_icu_24h,record,0.18,0.0,-0.06590733458450548,0.0,0.0,0.12595598564070548,6407,3626
R1_prevalence,deterioration_icu_24h,record,0.19,0.0,-0.07906668439419073,0.0,0.0,0.12595598564070548,6407,3626
R1_prevalence,deterioration_icu_24h,record,0.2,0.0,-0.09255501794911813,0.0,0.0,0.12595598564070548,6407,3626
R1_prevalence,deterioration_icu_24h,record,0.21,0.0,-0.10638482830290441,0.0,0.0,0.12595598564070548,6407,3626
R1_prevalence,deterioration_icu_24h,record,0.22,0.0,-0.1205692491785827,0.0,0.0,0.12595598564070548,6407,3626
R1_prevalence,deterioration_icu_24h,record,0.23,0.0,-0.13512209657051233,0.0,0.0,0.12595598564070548,6407,3626
R1_prevalence,deterioration_icu_24h,record,0.24,0.0,-0.15005791363065063,0.0,0.0,0.12595598564070548,6407,3626
R1_prevalence,deterioration_icu_24h,record,0.25,0.0,-0.165392019145726,0.0,0.0,0.12595598564070548,6407,3626
R1_prevalence,deterioration_icu_24h,record,0.26,0.0,-0.18114055994499256,0.0,0.0,0.12595598564070548,6407,3626
R1_prevalence,deterioration_icu_24h,record,0.27,0.0,-0.19732056761547195,0.0,0.0,0.12595598564070548,6407,3626
R1_prevalence,deterioration_icu_24h,record,0.28,0.0,-0.21395001994346463,0.0,0.0,0.12595598564070548,6407,3626
R1_prevalence,deterioration_icu_24h,record,0.29,0.0,-0.23104790754830212,0.0,0.0,0.12595598564070548,6407,3626
R1_prevalence,deterioration_icu_24h,record,0.3,0.0,-0.2486343062275636,0.0,0.0,0.12595598564070548,6407,3626
R1_prevalence,deterioration_icu_24h,record,0.31,0.0,-0.2667304555931805,0.0,0.0,0.12595598564070548,6407,3626
R1_prevalence,deterioration_icu_24h,record,0.32,0.0,-0.28535884464602135,0.0,0.0,0.12595598564070548,6407,3626
R1_prevalence,deterioration_icu_24h,record,0.33,0.0,-0.30454330501387245,0.0,0.0,0.12595598564070548,6407,3626
R1_prevalence,deterioration_icu_24h,record,0.34,0.0,-0.3243091126655978,0.0,0.0,0.12595598564070548,6407,3626
R1_prevalence,deterioration_icu_24h,record,0.35,0.0,-0.3446830990142992,0.0,0.0,0.12595598564070548,6407,3626
R1_prevalence,deterioration_icu_24h,record,0.36,0.0,-0.36569377243639767,0.0,0.0,0.12595598564070548,6407,3626
R1_prevalence,deterioration_icu_24h,record,0.37,0.0,-0.3873714513639595,0.0,0.0,0.12595598564070548,6407,3626
R1_prevalence,deterioration_icu_24h,record,0.38,0.0,-0.4097484102569266,0.0,0.0,0.12595598564070548,6407,3626
R1_prevalence,deterioration_icu_24h,record,0.39,0.0,-0.43285903993326974,0.0,0.0,0.12595598564070548,6407,3626
R1_prevalence,deterioration_icu_24h,record,0.4,0.0,-0.45674002393215757,0.0,0.0,0.12595598564070548,6407,3626
R1_prevalence,deterioration_icu_24h,record,0.41,0.0,-0.4814305328123634,0.0,0.0,0.12595598564070548,6407,3626
R1_prevalence,deterioration_icu_24h,record,0.42,0.0,-0.5069724385505077,0.0,0.0,0.12595598564070548,6407,3626
R1_prevalence,deterioration_icu_24h,record,0.43,0.0,-0.533410551507534,0.0,0.0,0.12595598564070548,6407,3626
R1_prevalence,deterioration_icu_24h,record,0.44,0.0,-0.5607928827844544,0.0,0.0,0.12595598564070548,6407,3626
R1_prevalence,deterioration_icu_24h,record,0.45,0.0,-0.5891709351987171,0.0,0.0,0.12595598564070548,6407,3626
R1_prevalence,deterioration_icu_24h,record,0.46,0.0,-0.6186000265912861,0.0,0.0,0.12595598564070548,6407,3626
R1_prevalence,deterioration_icu_24h,record,0.47,0.0,-0.6491396497345179,0.0,0.0,0.12595598564070548,6407,3626
R1_prevalence,deterioration_icu_24h,record,0.48,0.0,-0.680853873767874,0.0,0.0,0.12595598564070548,6407,3626
R1_prevalence,deterioration_icu_24h,record,0.49,0.0,-0.7138117928613616,0.0,0.0,0.12595598564070548,6407,3626
R1_prevalence,deterioration_icu_24h,record,0.5,0.0,-0.7480880287185889,0.0,0.0,0.12595598564070548,6407,3626
R2_demo,deterioration_icu_24h,record,0.01,0.11712725822293482,0.11712725822293484,0.0,1.0,0.12595598564070548,6407,3626
R2_demo,deterioration_icu_24h,record,0.02,0.10811835269459742,0.10811835269459744,0.0,1.0,0.12595598564070548,6407,3626
R2_demo,deterioration_icu_24h,record,0.03,0.09892369653680977,0.09892369653680977,0.0,1.0,0.12595598564070548,6407,3626
R2_demo,deterioration_icu_24h,record,0.04,0.08953748504240153,0.08953748504240154,0.0,1.0,0.12595598564070548,6407,3626
R2_demo,deterioration_icu_24h,record,0.05,0.07995366909547945,0.07995366909547946,0.0,1.0,0.12595598564070548,6407,3626
R2_demo,deterioration_icu_24h,record,0.06,0.07016594217096328,0.07016594217096328,0.0,1.0,0.12595598564070548,6407,3626
R2_demo,deterioration_icu_24h,record,0.07,0.06087931378817857,0.060167726495382226,0.0,0.9637896051194007,0.12595598564070548,6407,3626
R2_demo,deterioration_icu_24h,record,0.08,0.053087316182707775,0.049952158305114666,0.0,0.9015139690963009,0.12595598564070548,6407,3626
R2_demo,deterioration_icu_24h,record,0.09,0.04373478870123165,0.03951207213264339,0.0,0.8411112845325426,0.12595598564070548,6407,3626
R2_demo,deterioration_icu_24h,record,0.1,0.035083155576366126,0.028839984045228306,0.0,0.7986577181208053,0.12595598564070548,6407,3626
R2_demo,deterioration_icu_24h,record,0.11,0.02707361856677125,0.01792807375360167,0.0,0.7089121273606992,0.12595598564070548,6407,3626
R2_demo,deterioration_icu_24h,record,0.12,0.02235481078933553,0.006768165500801698,0.0,0.5397221788668644,0.12595598564070548,6407,3626
R2_demo,deterioration_icu_24h,record,0.13,0.01627889036596107,-0.004648292367005202,0.0,0.4217262369283596,0.12595598564070548,6407,3626
R2_demo,deterioration_icu_24h,record,0.14,0.00980032740353029,-0.01633024925499363,0.0,0.25753082565943497,0.12595598564070548,6407,3626
R2_demo,deterioration_icu_24h,record,0.15,0.006702228261368539,-0.028287075716817073,0.0,0.14203215233338537,0.12595598564070548,6407,3626
R2_demo,deterioration_icu_24h,record,0.16,0.004786431507205658,-0.04052858852296967,0.0,0.07242078976119869,0.12595598564070548,6407,3626
R2_demo,deterioration_icu_24h,record,0.17,0.0012411124128165539,-0.0530650775413187,0.0,0.018729514593413453,0.12595598564070548,6407,3626
R2_demo,deterioration_icu_24h,record,0.18,9.517029773075964e-05,-0.06590733458450548,0.0,0.011705946620883409,0.12595598564070548,6407,3626
R2_demo,deterioration_icu_24h,record,0.19,0.0,-0.07906668439419073,0.0,0.0,0.12595598564070548,6407,3626
R2_demo,deterioration_icu_24h,record,0.2,0.0,-0.09255501794911813,0.0,0.0,0.12595598564070548,6407,3626
R2_demo,deterioration_icu_24h,record,0.21,0.0,-0.10638482830290441,0.0,0.0,0.12595598564070548,6407,3626
R2_demo,deterioration_icu_24h,record,0.22,0.0,-0.1205692491785827,0.0,0.0,0.12595598564070548,6407,3626
R2_demo,deterioration_icu_24h,record,0.23,0.0,-0.13512209657051233,0.0,0.0,0.12595598564070548,6407,3626
R2_demo,deterioration_icu_24h,record,0.24,0.0,-0.15005791363065063,0.0,0.0,0.12595598564070548,6407,3626
R2_demo,deterioration_icu_24h,record,0.25,0.0,-0.165392019145726,0.0,0.0,0.12595598564070548,6407,3626
R2_demo,deterioration_icu_24h,record,0.26,0.0,-0.18114055994499256,0.0,0.0,0.12595598564070548,6407,3626
R2_demo,deterioration_icu_24h,record,0.27,0.0,-0.19732056761547195,0.0,0.0,0.12595598564070548,6407,3626
R2_demo,deterioration_icu_24h,record,0.28,0.0,-0.21395001994346463,0.0,0.0,0.12595598564070548,6407,3626
R2_demo,deterioration_icu_24h,record,0.29,0.0,-0.23104790754830212,0.0,0.0,0.12595598564070548,6407,3626
R2_demo,deterioration_icu_24h,record,0.3,0.0,-0.2486343062275636,0.0,0.0,0.12595598564070548,6407,3626
R2_demo,deterioration_icu_24h,record,0.31,0.0,-0.2667304555931805,0.0,0.0,0.12595598564070548,6407,3626
R2_demo,deterioration_icu_24h,record,0.32,0.0,-0.28535884464602135,0.0,0.0,0.12595598564070548,6407,3626
R2_demo,deterioration_icu_24h,record,0.33,0.0,-0.30454330501387245,0.0,0.0,0.12595598564070548,6407,3626
R2_demo,deterioration_icu_24h,record,0.34,0.0,-0.3243091126655978,0.0,0.0,0.12595598564070548,6407,3626
R2_demo,deterioration_icu_24h,record,0.35,0.0,-0.3446830990142992,0.0,0.0,0.12595598564070548,6407,3626
R2_demo,deterioration_icu_24h,record,0.36,0.0,-0.36569377243639767,0.0,0.0,0.12595598564070548,6407,3626
R2_demo,deterioration_icu_24h,record,0.37,0.0,-0.3873714513639595,0.0,0.0,0.12595598564070548,6407,3626
R2_demo,deterioration_icu_24h,record,0.38,0.0,-0.4097484102569266,0.0,0.0,0.12595598564070548,6407,3626
R2_demo,deterioration_icu_24h,record,0.39,0.0,-0.43285903993326974,0.0,0.0,0.12595598564070548,6407,3626
R2_demo,deterioration_icu_24h,record,0.4,0.0,-0.45674002393215757,0.0,0.0,0.12595598564070548,6407,3626
R2_demo,deterioration_icu_24h,record,0.41,0.0,-0.4814305328123634,0.0,0.0,0.12595598564070548,6407,3626
R2_demo,deterioration_icu_24h,record,0.42,0.0,-0.5069724385505077,0.0,0.0,0.12595598564070548,6407,3626
R2_demo,deterioration_icu_24h,record,0.43,0.0,-0.533410551507534,0.0,0.0,0.12595598564070548,6407,3626
R2_demo,deterioration_icu_24h,record,0.44,0.0,-0.5607928827844544,0.0,0.0,0.12595598564070548,6407,3626
R2_demo,deterioration_icu_24h,record,0.45,0.0,-0.5891709351987171,0.0,0.0,0.12595598564070548,6407,3626
R2_demo,deterioration_icu_24h,record,0.46,0.0,-0.6186000265912861,0.0,0.0,0.12595598564070548,6407,3626
R2_demo,deterioration_icu_24h,record,0.47,0.0,-0.6491396497345179,0.0,0.0,0.12595598564070548,6407,3626
R2_demo,deterioration_icu_24h,record,0.48,0.0,-0.680853873767874,0.0,0.0,0.12595598564070548,6407,3626
R2_demo,deterioration_icu_24h,record,0.49,0.0,-0.7138117928613616,0.0,0.0,0.12595598564070548,6407,3626
R2_demo,deterioration_icu_24h,record,0.5,0.0,-0.7480880287185889,0.0,0.0,0.12595598564070548,6407,3626
R3_acqctx_pre,deterioration_icu_24h,record,0.01,0.11713041133986975,0.11712725822293484,0.0,0.9996878414234431,0.12595598564070548,6407,3626
R3_acqctx_pre,deterioration_icu_24h,record,0.02,0.10922364887893662,0.10811835269459744,0.0,0.8834087716560013,0.12595598564070548,6407,3626
R3_acqctx_pre,deterioration_icu_24h,record,0.03,0.10196804719065326,0.09892369653680977,0.0,0.7871078507882004,0.12595598564070548,6407,3626
R3_acqctx_pre,deterioration_icu_24h,record,0.04,0.09598225898756568,0.08953748504240154,0.0,0.7126580302793819,0.12595598564070548,6407,3626
R3_acqctx_pre,deterioration_icu_24h,record,0.05,0.0891048442082262,0.07995366909547946,0.0,0.6357109411581083,0.12595598564070548,6407,3626
R3_acqctx_pre,deterioration_icu_24h,record,0.06,0.08401382796077428,0.07016594217096328,0.0,0.5723427501170595,0.12595598564070548,6407,3626
R3_acqctx_pre,deterioration_icu_24h,record,0.07,0.07882171885253192,0.060167726495382226,0.0,0.5247385671921336,0.12595598564070548,6407,3626
R3_acqctx_pre,deterioration_icu_24h,record,0.08,0.07326226070669987,0.049952158305114666,0.0,0.48025597003277665,0.12595598564070548,6407,3626
R3_acqctx_pre,deterioration_icu_24h,record,0.09,0.06950330768030161,0.03951207213264339,0.0,0.44529420945840487,0.12595598564070548,6407,3626
R3_acqctx_pre,deterioration_icu_24h,record,0.1,0.06534519535924249,0.028839984045228306,0.0,0.4076791009832995,0.12595598564070548,6407,3626
R3_acqctx_pre,deterioration_icu_24h,record,0.11,0.061223416102121446,0.01792807375360167,0.0,0.37443421257999066,0.12595598564070548,6407,3626
R3_acqctx_pre,deterioration_icu_24h,record,0.12,0.05760035188784995,0.006768165500801698,0.0,0.33978461058217574,0.12595598564070548,6407,3626
R3_acqctx_pre,deterioration_icu_24h,record,0.13,0.05340961484296092,-0.004648292367005202,0.0,0.30170126424223503,0.12595598564070548,6407,3626
R3_acqctx_pre,deterioration_icu_24h,record,0.14,0.049716697943020166,-0.01633024925499363,0.0,0.2698610894334322,0.12595598564070548,6407,3626
R3_acqctx_pre,deterioration_icu_24h,record,0.15,0.046731975137487496,-0.028287075716817073,0.0,0.24816606836272825,0.12595598564070548,6407,3626
R3_acqctx_pre,deterioration_icu_24h,record,0.16,0.04396976521215634,-0.04052858852296967,0.0,0.22959263305759325,0.12595598564070548,6407,3626
R3_acqctx_pre,deterioration_icu_24h,record,0.17,0.042818378242171114,-0.0530650775413187,0.0,0.21695021070703918,0.12595598564070548,6407,3626
R3_acqctx_pre,deterioration_icu_24h,record,0.18,0.041010784698138854,-0.06590733458450548,0.0,0.20337131262681443,0.12595598564070548,6407,3626
R3_acqctx_pre,deterioration_icu_24h,record,0.19,0.03959596660288611,-0.07906668439419073,0.0,0.19182144529420947,0.12595598564070548,6407,3626
R3_acqctx_pre,deterioration_icu_24h,record,0.2,0.03757608865303574,-0.09255501794911813,0.0,0.18136413297955362,0.12595598564070548,6407,3626
R3_acqctx_pre,deterioration_icu_24h,record,0.21,0.03538850900814576,-0.10638482830290441,0.0,0.17605743717808647,0.12595598564070548,6407,3626
R3_acqctx_pre,deterioration_icu_24h,record,0.22,0.032920723727653645,-0.1205692491785827,0.0,0.16918994849383487,0.12595598564070548,6407,3626
R3_acqctx_pre,deterioration_icu_24h,record,0.23,0.03139423398515018,-0.13512209657051233,0.0,0.16294677696269705,0.12595598564070548,6407,3626
R3_acqctx_pre,deterioration_icu_24h,record,0.24,0.03036152891984918,-0.15005791363065063,0.0,0.15358201966599033,0.12595598564070548,6407,3626
R3_acqctx_pre,deterioration_icu_24h,record,0.25,0.028926694760938558,-0.165392019145726,0.0,0.14484157952239737,0.12595598564070548,6407,3626
R3_acqctx_pre,deterioration_icu_24h,record,0.26,0.027022808667884365,-0.18114055994499256,0.0,0.13859840799125955,0.12595598564070548,6407,3626
R3_acqctx_pre,deterioration_icu_24h,record,0.27,0.02595406137550752,-0.19732056761547195,0.0,0.13157484001872952,0.12595598564070548,6407,3626
R3_acqctx_pre,deterioration_icu_24h,record,0.28,0.024504448259715934,-0.21395001994346463,0.0,0.12595598564070548,0.12595598564070548,6407,3626
R3_acqctx_pre,deterioration_icu_24h,record,0.29,0.02290188768006823,-0.23104790754830212,0.0,0.11830810051506165,0.12595598564070548,6407,3626
R3_acqctx_pre,deterioration_icu_24h,record,0.3,0.022029476688443437,-0.2486343062275636,0.0,0.11144061183081005,0.12595598564070548,6407,3626
R3_acqctx_pre,deterioration_icu_24h,record,0.31,0.020222446916076844,-0.2667304555931805,0.0,0.103012330263774,0.12595598564070548,6407,3626
R3_acqctx_pre,deterioration_icu_24h,record,0.32,0.01948236763099184,-0.28535884464602135,0.0,0.0961448415795224,0.12595598564070548,6407,3626
R3_acqctx_pre,deterioration_icu_24h,record,0.33,0.017133778586387552,-0.30454330501387245,0.0,0.08818479787732168,0.12595598564070548,6407,3626
R3_acqctx_pre,deterioration_icu_24h,record,0.34,0.017253855867871787,-0.3243091126655978,0.0,0.0789761198688934,0.12595598564070548,6407,3626
R3_acqctx_pre,deterioration_icu_24h,record,0.35,0.016064160593581536,-0.3446830990142992,0.0,0.07273294833775558,0.12595598564070548,6407,3626
R3_acqctx_pre,deterioration_icu_24h,record,0.36,0.013169189948493833,-0.36569377243639767,0.0,0.06633369751833931,0.12595598564070548,6407,3626
R3_acqctx_pre,deterioration_icu_24h,record,0.37,0.01204535713666352,-0.3873714513639595,0.0,0.0583736538161386,0.12595598564070548,6407,3626
R3_acqctx_pre,deterioration_icu_24h,record,0.38,0.01011494484359345,-0.4097484102569266,0.0,0.05291087872639301,0.12595598564070548,6407,3626
R3_acqctx_pre,deterioration_icu_24h,record,0.39,0.009362198619849705,-0.43285903993326974,0.0,0.0497892929608241,0.12595598564070548,6407,3626
R3_acqctx_pre,deterioration_icu_24h,record,0.4,0.00920867800842828,-0.45674002393215757,0.0,0.04432651787107851,0.12595598564070548,6407,3626
R3_acqctx_pre,deterioration_icu_24h,record,0.41,0.008727213085264267,-0.4814305328123634,0.0,0.04073669424067426,0.12595598564070548,6407,3626
R3_acqctx_pre,deterioration_icu_24h,record,0.42,0.008169943434713113,-0.5069724385505077,0.0,0.0377711877633838,0.12595598564070548,6407,3626
R3_acqctx_pre,deterioration_icu_24h,record,0.43,0.007105714966360808,-0.533410551507534,0.0,0.03667863274543468,0.12595598564070548,6407,3626
R3_acqctx_pre,deterioration_icu_24h,record,0.44,0.007525251399139335,-0.5607928827844544,0.0,0.03511783986265023,0.12595598564070548,6407,3626
R3_acqctx_pre,deterioration_icu_24h,record,0.45,0.007080324077358573,-0.5891709351987171,0.0,0.0326205712501951,0.12595598564070548,6407,3626
R3_acqctx_pre,deterioration_icu_24h,record,0.46,0.006780777968541351,-0.6186000265912861,0.0,0.031059778367410643,0.12595598564070548,6407,3626
R3_acqctx_pre,deterioration_icu_24h,record,0.47,0.00548927911983061,-0.6491396497345179,0.0,0.029342906196347746,0.12595598564070548,6407,3626
R3_acqctx_pre,deterioration_icu_24h,record,0.48,0.005138610414090359,-0.680853873767874,0.0,0.028250351178398626,0.12595598564070548,6407,3626
R3_acqctx_pre,deterioration_icu_24h,record,0.49,0.004354918180788784,-0.7138117928613616,0.0,0.027001716872171063,0.12595598564070548,6407,3626
R3_acqctx_pre,deterioration_icu_24h,record,0.5,0.004682378648353363,-0.7480880287185889,0.0,0.025284844701108162,0.12595598564070548,6407,3626
R3b_acqctx_window,deterioration_icu_24h,record,0.01,0.11712725822293482,0.11712725822293484,0.0,1.0,0.12595598564070548,6407,3626
R3b_acqctx_window,deterioration_icu_24h,record,0.02,0.10811835269459742,0.10811835269459744,0.0,1.0,0.12595598564070548,6407,3626
R3b_acqctx_window,deterioration_icu_24h,record,0.03,0.10086744684856608,0.09892369653680977,0.0,0.9163415014827533,0.12595598564070548,6407,3626
R3b_acqctx_window,deterioration_icu_24h,record,0.04,0.09473362468133811,0.08953748504240154,0.0,0.7972530045262993,0.12595598564070548,6407,3626
R3b_acqctx_window,deterioration_icu_24h,record,0.05,0.0894827203798477,0.07995366909547946,0.0,0.690963009208678,0.12595598564070548,6407,3626
R3b_acqctx_window,deterioration_icu_24h,record,0.06,0.08417322808497354,0.07016594217096328,0.0,0.6088653035742158,0.12595598564070548,6407,3626
R3b_acqctx_window,deterioration_icu_24h,record,0.07,0.07992434350198287,0.060167726495382226,0.0,0.5479943811456219,0.12595598564070548,6407,3626
R3b_acqctx_window,deterioration_icu_24h,record,0.08,0.07464661613316956,0.049952158305114666,0.0,0.4955517402840643,0.12595598564070548,6407,3626
R3b_acqctx_window,deterioration_icu_24h,record,0.09,0.0706027233263069,0.03951207213264339,0.0,0.4532542531606056,0.12595598564070548,6407,3626
R3b_acqctx_window,deterioration_icu_24h,record,0.1,0.06622964465948701,0.028839984045228306,0.0,0.41220540034337444,0.12595598564070548,6407,3626
R3b_acqctx_window,deterioration_icu_24h,record,0.11,0.06163027447156638,0.01792807375360167,0.0,0.3725612611206493,0.12595598564070548,6407,3626
R3b_acqctx_window,deterioration_icu_24h,record,0.12,0.056642592618868566,0.006768165500801698,0.0,0.33120024972686124,0.12595598564070548,6407,3626
R3b_acqctx_window,deterioration_icu_24h,record,0.13,0.05380429810067652,-0.004648292367005202,0.0,0.29545809271109724,0.12595598564070548,6407,3626
R3b_acqctx_window,deterioration_icu_24h,record,0.14,0.05113956029197716,-0.01633024925499363,0.0,0.26892461370376153,0.12595598564070548,6407,3626
R3b_acqctx_window,deterioration_icu_24h,record,0.15,0.04759500179032125,-0.028287075716817073,0.0,0.24535664117371625,0.12595598564070548,6407,3626
R3b_acqctx_window,deterioration_icu_24h,record,0.16,0.045827851977375926,-0.04052858852296967,0.0,0.2256906508506321,0.12595598564070548,6407,3626
R3b_acqctx_window,deterioration_icu_24h,record,0.17,0.04338063977464407,-0.0530650775413187,0.0,0.20961448415795225,0.12595598564070548,6407,3626
R3b_acqctx_window,deterioration_icu_24h,record,0.18,0.04128487515560344,-0.06590733458450548,0.0,0.19431871390666458,0.12595598564070548,6407,3626
R3b_acqctx_window,deterioration_icu_24h,record,0.19,0.0384436775363366,-0.07906668439419073,0.0,0.18276884657405962,0.12595598564070548,6407,3626
R3b_acqctx_window,deterioration_icu_24h,record,0.2,0.03730294989854846,-0.09255501794911813,0.0,0.17387232714218823,0.12595598564070548,6407,3626
R3b_acqctx_window,deterioration_icu_24h,record,0.21,0.03510005867790965,-0.10638482830290441,0.0,0.1645075698454815,0.12595598564070548,6407,3626
R3b_acqctx_window,deterioration_icu_24h,record,0.22,0.03274863630724408,-0.1205692491785827,0.0,0.15561105041361012,0.12595598564070548,6407,3626
R3b_acqctx_window,deterioration_icu_24h,record,0.23,0.03232665570733309,-0.13512209657051233,0.0,0.1442172623692836,0.12595598564070548,6407,3626
R3b_acqctx_window,deterioration_icu_24h,record,0.24,0.030205449631570735,-0.15005791363065063,0.0,0.13781801154986734,0.12595598564070548,6407,3626
R3b_acqctx_window,deterioration_icu_24h,record,0.25,0.027730086884137143,-0.165392019145726,0.0,0.13095052286561573,0.12595598564070548,6407,3626
R3b_acqctx_window,deterioration_icu_24h,record,0.26,0.026436456747054533,-0.18114055994499256,0.0,0.12345871702825036,0.12595598564070548,6407,3626
R3b_acqctx_window,deterioration_icu_24h,record,0.27,0.026636106484559906,-0.19732056761547195,0.0,0.1164351490557203,0.12595598564070548,6407,3626
R3b_acqctx_window,deterioration_icu_24h,record,0.28,0.02448710611657388,-0.21395001994346463,0.0,0.1081629467769627,0.12595598564070548,6407,3626
R3b_acqctx_window,deterioration_icu_24h,record,0.29,0.02355258443120091,-0.23104790754830212,0.0,0.09895426876853441,0.12595598564070548,6407,3626
R3b_acqctx_window,deterioration_icu_24h,record,0.3,0.021360565452964393,-0.2486343062275636,0.0,0.09115030435461215,0.12595598564070548,6407,3626
R3b_acqctx_window,deterioration_icu_24h,record,0.31,0.019471456717403742,-0.2667304555931805,0.0,0.08303418136413299,0.12595598564070548,6407,3626
R3b_acqctx_window,deterioration_icu_24h,record,0.32,0.017636959575464333,-0.28535884464602135,0.0,0.07616669267988138,0.12595598564070548,6407,3626
R3b_acqctx_window,deterioration_icu_24h,record,0.33,0.01750184616173075,-0.30454330501387245,0.0,0.06851880755423755,0.12595598564070548,6407,3626
R3b_acqctx_window,deterioration_icu_24h,record,0.34,0.01554171337221126,-0.3243091126655978,0.0,0.061183081005150616,0.12595598564070548,6407,3626
R3b_acqctx_window,deterioration_icu_24h,record,0.35,0.014227227431535218,-0.3446830990142992,0.0,0.05384735445606368,0.12595598564070548,6407,3626
R3b_acqctx_window,deterioration_icu_24h,record,0.36,0.012330263773997192,-0.36569377243639767,0.0,0.047448103636647414,0.12595598564070548,6407,3626
R3b_acqctx_window,deterioration_icu_24h,record,0.37,0.011037035385404357,-0.3873714513639595,0.0,0.04448259715935695,0.12595598564070548,6407,3626
R3b_acqctx_window,deterioration_icu_24h,record,0.38,0.009183503929673695,-0.4097484102569266,0.0,0.039644139222725146,0.12595598564070548,6407,3626
R3b_acqctx_window,deterioration_icu_24h,record,0.39,0.008658562484168186,-0.43285903993326974,0.0,0.03808334633994069,0.12595598564070548,6407,3626
R3b_acqctx_window,deterioration_icu_24h,record,0.4,0.008428281567036055,-0.45674002393215757,0.0,0.03496176057437178,0.12595598564070548,6407,3626
R3b_acqctx_window,deterioration_icu_24h,record,0.41,0.008642559911960702,-0.4814305328123634,0.0,0.03324488840330888,0.12595598564070548,6407,3626
R3b_acqctx_window,deterioration_icu_24h,record,0.42,0.007960043702200721,-0.5069724385505077,0.0,0.03137193694396753,0.12595598564070548,6407,3626
R3b_acqctx_window,deterioration_icu_24h,record,0.43,0.007513711702386917,-0.533410551507534,0.0,0.029967223349461527,0.12595598564070548,6407,3626
R3b_acqctx_window,deterioration_icu_24h,record,0.44,0.006789449040112378,-0.5607928827844544,0.0,0.028250351178398626,0.12595598564070548,6407,3626
R3b_acqctx_window,deterioration_icu_24h,record,0.45,0.006413439845623396,-0.5891709351987171,0.0,0.026845637583892617,0.12595598564070548,6407,3626
R3b_acqctx_window,deterioration_icu_24h,record,0.46,0.005630415806785402,-0.6186000265912861,0.0,0.025284844701108162,0.12595598564070548,6407,3626
R3b_acqctx_window,deterioration_icu_24h,record,0.47,0.005621799270255707,-0.6491396497345179,0.0,0.023880131106602153,0.12595598564070548,6407,3626
R3b_acqctx_window,deterioration_icu_24h,record,0.48,0.005234659206877093,-0.680853873767874,0.0,0.022943655376931483,0.12595598564070548,6407,3626
R3b_acqctx_window,deterioration_icu_24h,record,0.49,0.004862940962244116,-0.7138117928613616,0.0,0.021695021070703917,0.12595598564070548,6407,3626
R3b_acqctx_window,deterioration_icu_24h,record,0.5,0.004526299360074919,-0.7480880287185889,0.0,0.021070703917590135,0.12595598564070548,6407,3626
R4_demo_acq,deterioration_icu_24h,record,0.01,0.11725338290033155,0.11712725822293484,0.0,0.9250819416263462,0.12595598564070548,6407,3626
R4_demo_acq,deterioration_icu_24h,record,0.02,0.10999130415393876,0.10811835269459744,0.0,0.822381769939129,0.12595598564070548,6407,3626
R4_demo_acq,deterioration_icu_24h,record,0.03,0.10324403559895025,0.09892369653680977,0.0,0.7354456063680349,0.12595598564070548,6407,3626
R4_demo_acq,deterioration_icu_24h,record,0.04,0.09637245720826179,0.08953748504240154,0.0,0.6642734509130639,0.12595598564070548,6407,3626
R4_demo_acq,deterioration_icu_24h,record,0.05,0.09004953463727994,0.07995366909547946,0.0,0.6021538941782425,0.12595598564070548,6407,3626
R4_demo_acq,deterioration_icu_24h,record,0.06,0.08581704186577846,0.07016594217096328,0.0,0.5518963633525831,0.12595598564070548,6407,3626
R4_demo_acq,deterioration_icu_24h,record,0.07,0.08126528276364392,0.060167726495382226,0.0,0.5078820040580615,0.12595598564070548,6407,3626
R4_demo_acq,deterioration_icu_24h,record,0.08,0.07541344046253759,0.049952158305114666,0.0,0.4613703761510847,0.12595598564070548,6407,3626
R4_demo_acq,deterioration_icu_24h,record,0.09,0.07088572423362496,0.03951207213264339,0.0,0.42437958482909316,0.12595598564070548,6407,3626
R4_demo_acq,deterioration_icu_24h,record,0.1,0.06711409395973154,0.028839984045228306,0.0,0.39019822069611365,0.12595598564070548,6407,3626
R4_demo_acq,deterioration_icu_24h,record,0.11,0.06424153357546084,0.01792807375360167,0.0,0.35710941158108317,0.12595598564070548,6407,3626
R4_demo_acq,deterioration_icu_24h,record,0.12,0.05965066617478043,0.006768165500801698,0.0,0.32604963321367253,0.12595598564070548,6407,3626
R4_demo_acq,deterioration_icu_24h,record,0.13,0.056350005112942206,-0.004648292367005202,0.0,0.30123302637739974,0.12595598564070548,6407,3626
R4_demo_acq,deterioration_icu_24h,record,0.14,0.05323392655562048,-0.01633024925499363,0.0,0.2750117059466209,0.12595598564070548,6407,3626
R4_demo_acq,deterioration_icu_24h,record,0.15,0.05018408174882252,-0.028287075716817073,0.0,0.24941470266895582,0.12595598564070548,6407,3626
R4_demo_acq,deterioration_icu_24h,record,0.16,0.047685938742595524,-0.04052858852296967,0.0,0.22959263305759325,0.12595598564070548,6407,3626
R4_demo_acq,deterioration_icu_24h,record,0.17,0.04518213324658083,-0.0530650775413187,0.0,0.21367254565319183,0.12595598564070548,6407,3626
R4_demo_acq,deterioration_icu_24h,record,0.18,0.042609645700015616,-0.06590733458450548,0.0,0.19868893397846105,0.12595598564070548,6407,3626
R4_demo_acq,deterioration_icu_24h,record,0.19,0.0415113099676858,-0.07906668439419073,0.0,0.18776338379896987,0.12595598564070548,6407,3626
R4_demo_acq,deterioration_icu_24h,record,0.2,0.03937100046823787,-0.09255501794911813,0.0,0.17730607148431404,0.12595598564070548,6407,3626
R4_demo_acq,deterioration_icu_24h,record,0.21,0.038670125436379904,-0.10638482830290441,0.0,0.1696581863586702,0.12595598564070548,6407,3626
R4_demo_acq,deterioration_icu_24h,record,0.22,0.03732296006371237,-0.1205692491785827,0.0,0.1613859840799126,0.12595598564070548,6407,3626
R4_demo_acq,deterioration_icu_24h,record,0.23,0.035517159600193776,-0.13512209657051233,0.0,0.15389417824254722,0.12595598564070548,6407,3626
R4_demo_acq,deterioration_icu_24h,record,0.24,0.0324152037656182,-0.15005791363065063,0.0,0.1496800374590292,0.12595598564070548,6407,3626
R4_demo_acq,deterioration_icu_24h,record,0.25,0.031163831226262942,-0.165392019145726,0.0,0.14374902450444826,0.12595598564070548,6407,3626
R4_demo_acq,deterioration_icu_24h,record,0.26,0.029376653069489028,-0.18114055994499256,0.0,0.13610113937880444,0.12595598564070548,6407,3626
R4_demo_acq,deterioration_icu_24h,record,0.27,0.028027991644412897,-0.19732056761547195,0.0,0.13001404713594505,0.12595598564070548,6407,3626
R4_demo_acq,deterioration_icu_24h,record,0.28,0.026793611154466466,-0.21395001994346463,0.0,0.1256438270641486,0.12595598564070548,6407,3626
R4_demo_acq,deterioration_icu_24h,record,0.29,0.025214499106391116,-0.23104790754830212,0.0,0.120181051974403,0.12595598564070548,6407,3626
R4_demo_acq,deterioration_icu_24h,record,0.3,0.02445985417735067,-0.2486343062275636,0.0,0.11409395973154363,0.12595598564070548,6407,3626
R4_demo_acq,deterioration_icu_24h,record,0.31,0.023556662436691748,-0.2667304555931805,0.0,0.11019197752458249,0.12595598564070548,6407,3626
R4_demo_acq,deterioration_icu_24h,record,0.32,0.021621571993867,-0.28535884464602135,0.0,0.10379272670516622,0.12595598564070548,6407,3626
R4_demo_acq,deterioration_icu_24h,record,0.33,0.02114524924930521,-0.30454330501387245,0.0,0.09848603090369908,0.12595598564070548,6407,3626
R4_demo_acq,deterioration_icu_24h,record,0.34,0.019547748438024693,-0.3243091126655978,0.0,0.09380365225534572,0.12595598564070548,6407,3626
R4_demo_acq,deterioration_icu_24h,record,0.35,0.018501398710544962,-0.3446830990142992,0.0,0.08693616357109411,0.12595598564070548,6407,3626
R4_demo_acq,deterioration_icu_24h,record,0.36,0.016046901826127676,-0.36569377243639767,0.0,0.08116122990479163,0.12595598564070548,6407,3626
R4_demo_acq,deterioration_icu_24h,record,0.37,0.015258608515983263,-0.3873714513639595,0.0,0.07694708912127361,0.12595598564070548,6407,3626
R4_demo_acq,deterioration_icu_24h,record,0.38,0.013573863264473834,-0.4097484102569266,0.0,0.07273294833775558,0.12595598564070548,6407,3626
R4_demo_acq,deterioration_icu_24h,record,0.39,0.01331279568709429,-0.43285903993326974,0.0,0.06602153894178242,0.12595598564070548,6407,3626
R4_demo_acq,deterioration_icu_24h,record,0.4,0.011809999479735704,-0.45674002393215757,0.0,0.06305603246449196,0.12595598564070548,6407,3626
R4_demo_acq,deterioration_icu_24h,record,0.41,0.010817088301195998,-0.4814305328123634,0.0,0.05790541595130326,0.12595598564070548,6407,3626
R4_demo_acq,deterioration_icu_24h,record,0.42,0.010591863425240714,-0.5069724385505077,0.0,0.05337911659122834,0.12595598564070548,6407,3626
R4_demo_acq,deterioration_icu_24h,record,0.43,0.01043540644963431,-0.533410551507534,0.0,0.05041361011393788,0.12595598564070548,6407,3626
R4_demo_acq,deterioration_icu_24h,record,0.44,0.009509688064393854,-0.5607928827844544,0.0,0.04713594506009053,0.12595598564070548,6407,3626
R4_demo_acq,deterioration_icu_24h,record,0.45,0.008258013252550479,-0.5891709351987171,0.0,0.04401435929452162,0.12595598564070548,6407,3626
R4_demo_acq,deterioration_icu_24h,record,0.46,0.008277982993138294,-0.6186000265912861,0.0,0.04151709068206649,0.12595598564070548,6407,3626
R4_demo_acq,deterioration_icu_24h,record,0.47,0.007076576032700085,-0.6491396497345179,0.0,0.03917590135788981,0.12595598564070548,6407,3626
R4_demo_acq,deterioration_icu_24h,record,0.48,0.006231165432039476,-0.680853873767874,0.0,0.03714687061027002,0.12595598564070548,6407,3626
R4_demo_acq,deterioration_icu_24h,record,0.49,0.005744329884287101,-0.7138117928613616,0.0,0.03542999843920712,0.12595598564070548,6407,3626
R4_demo_acq,deterioration_icu_24h,record,0.5,0.005462775089745591,-0.7480880287185889,0.0,0.03355704697986577,0.12595598564070548,6407,3626
R5_tabular,deterioration_icu_24h,record,0.01,0.11829548804732197,0.11712725822293484,0.0,0.7906976744186046,0.12595598564070548,6407,3626
R5_tabular,deterioration_icu_24h,record,0.02,0.11371172473984131,0.10811835269459744,0.0,0.6088653035742158,0.12595598564070548,6407,3626
R5_tabular,deterioration_icu_24h,record,0.03,0.10839787024179418,0.09892369653680977,0.0,0.4855626658342438,0.12595598564070548,6407,3626
R5_tabular,deterioration_icu_24h,record,0.04,0.1047682222569065,0.08953748504240154,0.0,0.40814733884813487,0.12595598564070548,6407,3626
R5_tabular,deterioration_icu_24h,record,0.05,0.10286446567487861,0.07995366909547946,0.0,0.35554861869829874,0.12595598564070548,6407,3626
R5_tabular,deterioration_icu_24h,record,0.06,0.09988410282636345,0.07016594217096328,0.0,0.3237084438894959,0.12595598564070548,6407,3626
R5_tabular,deterioration_icu_24h,record,0.07,0.09727767512347886,0.060167726495382226,0.0,0.2951459341345403,0.12595598564070548,6407,3626
R5_tabular,deterioration_icu_24h,record,0.08,0.09499799811347642,0.049952158305114666,0.0,0.2751677852348993,0.12595598564070548,6407,3626
R5_tabular,deterioration_icu_24h,record,0.09,0.09203361021684729,0.03951207213264339,0.0,0.25737474637115654,0.12595598564070548,6407,3626
R5_tabular,deterioration_icu_24h,record,0.1,0.08972824861696409,0.028839984045228306,0.0,0.23973778679569221,0.12595598564070548,6407,3626
R5_tabular,deterioration_icu_24h,record,0.11,0.08779372280669143,0.01792807375360167,0.0,0.22756360230997347,0.12595598564070548,6407,3626
R5_tabular,deterioration_icu_24h,record,0.12,0.08573009634348794,0.006768165500801698,0.0,0.2180427657249883,0.12595598564070548,6407,3626
R5_tabular,deterioration_icu_24h,record,0.13,0.08467929294288395,-0.004648292367005202,0.0,0.20649289839238333,0.12595598564070548,6407,3626
R5_tabular,deterioration_icu_24h,record,0.14,0.08323744741398398,-0.01633024925499363,0.0,0.1988450132667395,0.12595598564070548,6407,3626
R5_tabular,deterioration_icu_24h,record,0.15,0.08141830167372083,-0.028287075716817073,0.0,0.19104104885281722,0.12595598564070548,6407,3626
R5_tabular,deterioration_icu_24h,record,0.16,0.08003151315153813,-0.04052858852296967,0.0,0.18464179803340097,0.12595598564070548,6407,3626
R5_tabular,deterioration_icu_24h,record,0.17,0.0783010299352553,-0.0530650775413187,0.0,0.1768378336194787,0.12595598564070548,6407,3626
R5_tabular,deterioration_icu_24h,record,0.18,0.07655118068271366,-0.06590733458450548,0.0,0.17153113781801155,0.12595598564070548,6407,3626
R5_tabular,deterioration_icu_24h,record,0.19,0.07474271003743976,-0.07906668439419073,0.0,0.1668487591696582,0.12595598564070548,6407,3626
R5_tabular,deterioration_icu_24h,record,0.2,0.07117215545497112,-0.09255501794911813,0.0,0.16091774621507726,0.12595598564070548,6407,3626
R5_tabular,deterioration_icu_24h,record,0.21,0.07058340067133852,-0.10638482830290441,0.0,0.15514281254877477,0.12595598564070548,6407,3626
R5_tabular,deterioration_icu_24h,record,0.22,0.06986749268628464,-0.1205692491785827,0.0,0.15170906820664898,0.12595598564070548,6407,3626
R5_tabular,deterioration_icu_24h,record,0.23,0.06925258290952063,-0.13512209657051233,0.0,0.14749492742313094,0.12595598564070548,6407,3626
R5_tabular,deterioration_icu_24h,record,0.24,0.06811628728446682,-0.15005791363065063,0.0,0.1432807866396129,0.12595598564070548,6407,3626
R5_tabular,deterioration_icu_24h,record,0.25,0.06680193538317467,-0.165392019145726,0.0,0.1404713594506009,0.12595598564070548,6407,3626
R5_tabular,deterioration_icu_24h,record,0.26,0.06626198541291409,-0.18114055994499256,0.0,0.13797409083814577,0.12595598564070548,6407,3626
R5_tabular,deterioration_icu_24h,record,0.27,0.06441157039282805,-0.19732056761547195,0.0,0.13454034649601998,0.12595598564070548,6407,3626
R5_tabular,deterioration_icu_24h,record,0.28,0.06374971819017394,-0.21395001994346463,0.0,0.13095052286561573,0.12595598564070548,6407,3626
R5_tabular,deterioration_icu_24h,record,0.29,0.06307801546284103,-0.23104790754830212,0.0,0.1270485406586546,0.12595598564070548,6407,3626
R5_tabular,deterioration_icu_24h,record,0.3,0.06245401235256081,-0.2486343062275636,0.0,0.1253316684875917,0.12595598564070548,6407,3626
R5_tabular,deterioration_icu_24h,record,0.31,0.061307492032039224,-0.2667304555931805,0.0,0.12283439987513657,0.12595598564070548,6407,3626
R5_tabular,deterioration_icu_24h,record,0.32,0.06050367704440915,-0.28535884464602135,0.0,0.120181051974403,0.12595598564070548,6407,3626
R5_tabular,deterioration_icu_24h,record,0.33,0.059130754841369856,-0.30454330501387245,0.0,0.11690338692055564,0.12595598564070548,6407,3626
R5_tabular,deterioration_icu_24h,record,0.34,0.05811352166900785,-0.3243091126655978,0.0,0.11534259403777118,0.12595598564070548,6407,3626
R5_tabular,deterioration_icu_24h,record,0.35,0.05699295241982928,-0.3446830990142992,0.0,0.11222100827220229,0.12595598564070548,6407,3626
R5_tabular,deterioration_icu_24h,record,0.36,0.0559836897143749,-0.36569377243639767,0.0,0.10987981894802559,0.12595598564070548,6407,3626
R5_tabular,deterioration_icu_24h,record,0.37,0.05517278968192031,-0.3873714513639595,0.0,0.10769470891212736,0.12595598564070548,6407,3626
R5_tabular,deterioration_icu_24h,record,0.38,0.05405881671760222,-0.4097484102569266,0.0,0.10566567816450757,0.12595598564070548,6407,3626
R5_tabular,deterioration_icu_24h,record,0.39,0.05337399923751429,-0.43285903993326974,0.0,0.103012330263774,0.12595598564070548,6407,3626
R5_tabular,deterioration_icu_24h,record,0.4,0.05285885229696685,-0.45674002393215757,0.0,0.1009832995161542,0.12595598564070548,6407,3626
R5_tabular,deterioration_icu_24h,record,0.41,0.052286561573279225,-0.4814305328123634,0.0,0.09911034805681286,0.12595598564070548,6407,3626
R5_tabular,deterioration_icu_24h,record,0.42,0.051915200508065,-0.5069724385505077,0.0,0.09739347588574997,0.12595598564070548,6407,3626
R5_tabular,deterioration_icu_24h,record,0.43,0.05127889178228856,-0.533410551507534,0.0,0.09536444513813017,0.12595598564070548,6407,3626
R5_tabular,deterioration_icu_24h,record,0.44,0.05090414501995585,-0.5607928827844544,0.0,0.0927110972373966,0.12595598564070548,6407,3626
R5_tabular,deterioration_icu_24h,record,0.45,0.050186585694623774,-0.5891709351987171,0.0,0.09161854221944749,0.12595598564070548,6407,3626
R5_tabular,deterioration_icu_24h,record,0.46,0.04841348293822151,-0.6186000265912861,0.0,0.08974559076010613,0.12595598564070548,6407,3626
R5_tabular,deterioration_icu_24h,record,0.47,0.04797818423834779,-0.6491396497345179,0.0,0.08802871858904324,0.12595598564070548,6407,3626
R5_tabular,deterioration_icu_24h,record,0.48,0.0476161890240242,-0.680853873767874,0.0,0.08693616357109411,0.12595598564070548,6407,3626
R5_tabular,deterioration_icu_24h,record,0.49,0.04727672245736128,-0.7138117928613616,0.0,0.08553144997658811,0.12595598564070548,6407,3626
R5_tabular,deterioration_icu_24h,record,0.5,0.047135945060090514,-0.7480880287185889,0.0,0.08428281567036054,0.12595598564070548,6407,3626
R6_waveform,deterioration_icu_24h,record,0.01,0.11712725822293482,0.11712725822293484,0.0,1.0,0.12595598564070548,6407,3626
R6_waveform,deterioration_icu_24h,record,0.02,0.10811835269459742,0.10811835269459744,0.0,1.0,0.12595598564070548,6407,3626
R6_waveform,deterioration_icu_24h,record,0.03,0.09892369653680977,0.09892369653680977,0.0,1.0,0.12595598564070548,6407,3626
R6_waveform,deterioration_icu_24h,record,0.04,0.08953748504240153,0.08953748504240154,0.0,1.0,0.12595598564070548,6407,3626
R6_waveform,deterioration_icu_24h,record,0.05,0.07995366909547945,0.07995366909547946,0.0,1.0,0.12595598564070548,6407,3626
R6_waveform,deterioration_icu_24h,record,0.06,0.07025560474082537,0.07016594217096328,0.0,0.998595286405494,0.12595598564070548,6407,3626
R6_waveform,deterioration_icu_24h,record,0.07,0.0604496761774336,0.060167726495382226,0.0,0.9962540970813173,0.12595598564070548,6407,3626
R6_waveform,deterioration_icu_24h,record,0.08,0.05103792726705167,0.049952158305114666,0.0,0.9875136569377244,0.12595598564070548,6407,3626
R6_waveform,deterioration_icu_24h,record,0.09,0.0417177640527102,0.03951207213264339,0.0,0.9759637896051194,0.12595598564070548,6407,3626
R6_waveform,deterioration_icu_24h,record,0.1,0.03338362554844526,0.028839984045228306,0.0,0.9575464335882629,0.12595598564070548,6407,3626
R6_waveform,deterioration_icu_24h,record,0.11,0.024965671325078098,0.01792807375360167,0.0,0.9402216325893554,0.12595598564070548,6407,3626
R6_waveform,deterioration_icu_24h,record,0.12,0.017516352852703712,0.006768165500801698,0.0,0.9172779772124239,0.12595598564070548,6407,3626
R6_waveform,deterioration_icu_24h,record,0.13,0.01143325637009808,-0.004648292367005202,0.0,0.8863742781332917,0.12595598564070548,6407,3626
R6_waveform,deterioration_icu_24h,record,0.14,0.005335733808588705,-0.01633024925499363,0.0,0.8568752926486656,0.12595598564070548,6407,3626
R6_waveform,deterioration_icu_24h,record,0.15,0.0011660040947860245,-0.028287075716817073,0.0,0.819572342750117,0.12595598564070548,6407,3626
R6_waveform,deterioration_icu_24h,record,0.16,-0.00215538064765472,-0.04052858852296967,0.0,0.7819572342750117,0.12595598564070548,6407,3626
R6_waveform,deterioration_icu_24h,record,0.17,-0.005793738399830023,-0.0530650775413187,0.0,0.748088028718589,0.12595598564070548,6407,3626
R6_waveform,deterioration_icu_24h,record,0.18,-0.0088622581246883,-0.06590733458450548,0.0,0.7089121273606992,0.12595598564070548,6407,3626
R6_waveform,deterioration_icu_24h,record,0.19,-0.010048808498420894,-0.07906668439419073,0.0,0.6687997502731388,0.12595598564070548,6407,3626
R6_waveform,deterioration_icu_24h,record,0.2,-0.010808490713282354,-0.09255501794911813,0.0,0.6285312938972998,0.12595598564070548,6407,3626
R6_waveform,deterioration_icu_24h,record,0.21,-0.01076354382963253,-0.10638482830290441,0.0,0.5912283439987513,0.12595598564070548,6407,3626
R6_waveform,deterioration_icu_24h,record,0.22,-0.0105893794047376,-0.1205692491785827,0.0,0.5518963633525831,0.12595598564070548,6407,3626
R6_waveform,deterioration_icu_24h,record,0.23,-0.009839076172773686,-0.13512209657051233,0.0,0.5147494927423131,0.12595598564070548,6407,3626
R6_waveform,deterioration_icu_24h,record,0.24,-0.009422260192388246,-0.15005791363065063,0.0,0.4857187451225222,0.12595598564070548,6407,3626
R6_waveform,deterioration_icu_24h,record,0.25,-0.009364757296706716,-0.165392019145726,0.0,0.4532542531606056,0.12595598564070548,6407,3626
R6_waveform,deterioration_icu_24h,record,0.26,-0.008014882371055326,-0.18114055994499256,0.0,0.4214140783518027,0.12595598564070548,6407,3626
R6_waveform,deterioration_icu_24h,record,0.27,-0.0055547122047589215,-0.19732056761547195,0.0,0.386140159200874,0.12595598564070548,6407,3626
R6_waveform,deterioration_icu_24h,record,0.28,-0.002011688604477757,-0.21395001994346463,0.0,0.35523646012174187,0.12595598564070548,6407,3626
R6_waveform,deterioration_icu_24h,record,0.29,-0.0007957845402365854,-0.23104790754830212,0.0,0.32433276104260966,0.12595598564070548,6407,3626
R6_waveform,deterioration_icu_24h,record,0.3,0.002051327788802418,-0.2486343062275636,0.0,0.2959263305759326,0.12595598564070548,6407,3626
R6_waveform,deterioration_icu_24h,record,0.31,0.004144018204726235,-0.2667304555931805,0.0,0.26970501014515375,0.12595598564070548,6407,3626
R6_waveform,deterioration_icu_24h,record,0.32,0.005729027993279401,-0.28535884464602135,0.0,0.2414546589667551,0.12595598564070548,6407,3626
R6_waveform,deterioration_icu_24h,record,0.33,0.007291465258381091,-0.30454330501387245,0.0,0.21695021070703918,0.12595598564070548,6407,3626
R6_waveform,deterioration_icu_24h,record,0.34,0.009464080480156636,-0.3243091126655978,0.0,0.19463087248322147,0.12595598564070548,6407,3626
R6_waveform,deterioration_icu_24h,record,0.35,0.011189684359654707,-0.3446830990142992,0.0,0.1754331200249727,0.12595598564070548,6407,3626
R6_waveform,deterioration_icu_24h,record,0.36,0.012710707039175907,-0.36569377243639767,0.0,0.157327922584673,0.12595598564070548,6407,3626
R6_waveform,deterioration_icu_24h,record,0.37,0.013938128188167198,-0.3873714513639595,0.0,0.1407835180271578,0.12595598564070548,6407,3626
R6_waveform,deterioration_icu_24h,record,0.38,0.014077344839565596,-0.4097484102569266,0.0,0.12736069923521148,0.12595598564070548,6407,3626
R6_waveform,deterioration_icu_24h,record,0.39,0.015134573609295161,-0.43285903993326974,0.0,0.1115966911190885,0.12595598564070548,6407,3626
R6_waveform,deterioration_icu_24h,record,0.4,0.014047135945060088,-0.45674002393215757,0.0,0.10067114093959731,0.12595598564070548,6407,3626
R6_waveform,deterioration_icu_24h,record,0.41,0.013978355241750954,-0.4814305328123634,0.0,0.08990167004838458,0.12595598564070548,6407,3626
R6_waveform,deterioration_icu_24h,record,0.42,0.014671453098173876,-0.5069724385505077,0.0,0.07710316840955206,0.12595598564070548,6407,3626
R6_waveform,deterioration_icu_24h,record,0.43,0.01493432347843231,-0.533410551507534,0.0,0.06586545965350397,0.12595598564070548,6407,3626
R6_waveform,deterioration_icu_24h,record,0.44,0.01560792882784455,-0.5607928827844544,0.0,0.05462775089745591,0.12595598564070548,6407,3626
R6_waveform,deterioration_icu_24h,record,0.45,0.014118081076095749,-0.5891709351987171,0.0,0.04760418292492586,0.12595598564070548,6407,3626
R6_waveform,deterioration_icu_24h,record,0.46,0.012012324483059618,-0.6186000265912861,0.0,0.0412049321055096,0.12595598564070548,6407,3626
R6_waveform,deterioration_icu_24h,record,0.47,0.010899046149406162,-0.6491396497345179,0.0,0.033869205556422664,0.12595598564070548,6407,3626
R6_waveform,deterioration_icu_24h,record,0.48,0.010493330611950874,-0.680853873767874,0.0,0.027001716872171063,0.12595598564070548,6407,3626
R6_waveform,deterioration_icu_24h,record,0.49,0.009915625372983593,-0.7138117928613616,0.0,0.021851100358982363,0.12595598564070548,6407,3626
R6_waveform,deterioration_icu_24h,record,0.5,0.008896519431871391,-0.7480880287185889,0.0,0.018261276728578118,0.12595598564070548,6407,3626
R7_waveform_demo_acq,deterioration_icu_24h,record,0.01,0.11712725822293482,0.11712725822293484,0.0,1.0,0.12595598564070548,6407,3626
R7_waveform_demo_acq,deterioration_icu_24h,record,0.02,0.10811835269459742,0.10811835269459744,0.0,1.0,0.12595598564070548,6407,3626
R7_waveform_demo_acq,deterioration_icu_24h,record,0.03,0.09892369653680977,0.09892369653680977,0.0,1.0,0.12595598564070548,6407,3626
R7_waveform_demo_acq,deterioration_icu_24h,record,0.04,0.08954398834607981,0.08953748504240154,0.0,0.9998439207117216,0.12595598564070548,6407,3626
R7_waveform_demo_acq,deterioration_icu_24h,record,0.05,0.07996188379486252,0.07995366909547946,0.0,0.9998439207117216,0.12595598564070548,6407,3626
R7_waveform_demo_acq,deterioration_icu_24h,record,0.06,0.07037515483397482,0.07016594217096328,0.0,0.9967223349461527,0.12595598564070548,6407,3626
R7_waveform_demo_acq,deterioration_icu_24h,record,0.07,0.060931340217604726,0.060167726495382226,0.0,0.989854846261901,0.12595598564070548,6407,3626
R7_waveform_demo_acq,deterioration_icu_24h,record,0.08,0.052008333276782864,0.049952158305114666,0.0,0.974402996722335,0.12595598564070548,6407,3626
R7_waveform_demo_acq,deterioration_icu_24h,record,0.09,0.04389429830353819,0.03951207213264339,0.0,0.9539566099578586,0.12595598564070548,6407,3626
R7_waveform_demo_acq,deterioration_icu_24h,record,0.1,0.036695974888576705,0.028839984045228306,0.0,0.9277352895270797,0.12595598564070548,6407,3626
R7_waveform_demo_acq,deterioration_icu_24h,record,0.11,0.03011278043853019,0.01792807375360167,0.0,0.8957390354299984,0.12595598564070548,6407,3626
R7_waveform_demo_acq,deterioration_icu_24h,record,0.12,0.025306128240418876,0.006768165500801698,0.0,0.8562509754955517,0.12595598564070548,6407,3626
R7_waveform_demo_acq,deterioration_icu_24h,record,0.13,0.020907448570080478,-0.004648292367005202,0.0,0.818167629155611,0.12595598564070548,6407,3626
R7_waveform_demo_acq,deterioration_icu_24h,record,0.14,0.01691463914831523,-0.01633024925499363,0.0,0.7835180271577962,0.12595598564070548,6407,3626
R7_waveform_demo_acq,deterioration_icu_24h,record,0.15,0.014001230272037021,-0.028287075716817073,0.0,0.7437178086467926,0.12595598564070548,6407,3626
R7_waveform_demo_acq,deterioration_icu_24h,record,0.16,0.011512705597300554,-0.04052858852296967,0.0,0.705322303730295,0.12595598564070548,6407,3626
R7_waveform_demo_acq,deterioration_icu_24h,record,0.17,0.009881887468713602,-0.0530650775413187,0.0,0.6687997502731388,0.12595598564070548,6407,3626
R7_waveform_demo_acq,deterioration_icu_24h,record,0.18,0.009185837136972894,-0.06590733458450548,0.0,0.6310285625097549,0.12595598564070548,6407,3626
R7_waveform_demo_acq,deterioration_icu_24h,record,0.19,0.00795618989261361,-0.07906668439419073,0.0,0.5945060090525988,0.12595598564070548,6407,3626
R7_waveform_demo_acq,deterioration_icu_24h,record,0.2,0.008779459965662553,-0.09255501794911813,0.0,0.5564226627126581,0.12595598564070548,6407,3626
R7_waveform_demo_acq,deterioration_icu_24h,record,0.21,0.010317038523924599,-0.10638482830290441,0.0,0.517871078507882,0.12595598564070548,6407,3626
R7_waveform_demo_acq,deterioration_icu_24h,record,0.22,0.008832486903346898,-0.1205692491785827,0.0,0.4858748244108007,0.12595598564070548,6407,3626
R7_waveform_demo_acq,deterioration_icu_24h,record,0.23,0.009342460255524099,-0.13512209657051233,0.0,0.45528328390822537,0.12595598564070548,6407,3626
R7_waveform_demo_acq,deterioration_icu_24h,record,0.24,0.011418432142475746,-0.15005791363065063,0.0,0.4268768534415483,0.12595598564070548,6407,3626
R7_waveform_demo_acq,deterioration_icu_24h,record,0.25,0.011393788044326517,-0.165392019145726,0.0,0.399094740127985,0.12595598564070548,6407,3626
R7_waveform_demo_acq,deterioration_icu_24h,record,0.26,0.01285334030768713,-0.18114055994499256,0.0,0.3716247853909786,0.12595598564070548,6407,3626
R7_waveform_demo_acq,deterioration_icu_24h,record,0.27,0.014776218647840206,-0.19732056761547195,0.0,0.3444669892305291,0.12595598564070548,6407,3626
R7_waveform_demo_acq,deterioration_icu_24h,record,0.28,0.01579869240240707,-0.21395001994346463,0.0,0.32058685812392695,0.12595598564070548,6407,3626
R7_waveform_demo_acq,deterioration_icu_24h,record,0.29,0.016566387555864287,-0.23104790754830212,0.0,0.29904791634150146,0.12595598564070548,6407,3626
R7_waveform_demo_acq,deterioration_icu_24h,record,0.3,0.017547771410733784,-0.2486343062275636,0.0,0.2764164195411269,0.12595598564070548,6407,3626
R7_waveform_demo_acq,deterioration_icu_24h,record,0.31,0.01822508442984687,-0.2667304555931805,0.0,0.2579990635242703,0.12595598564070548,6407,3626
R7_waveform_demo_acq,deterioration_icu_24h,record,0.32,0.019904699822804087,-0.28535884464602135,0.0,0.2386452317777431,0.12595598564070548,6407,3626
R7_waveform_demo_acq,deterioration_icu_24h,record,0.33,0.020355534641448583,-0.30454330501387245,0.0,0.22069611362572186,0.12595598564070548,6407,3626
R7_waveform_demo_acq,deterioration_icu_24h,record,0.34,0.02214906990933211,-0.3243091126655978,0.0,0.20305915405025754,0.12595598564070548,6407,3626
R7_waveform_demo_acq,deterioration_icu_24h,record,0.35,0.021538941782425478,-0.3446830990142992,0.0,0.18698298735757765,0.12595598564070548,6407,3626
R7_waveform_demo_acq,deterioration_icu_24h,record,0.36,0.021880365225534576,-0.36569377243639767,0.0,0.17137505852973312,0.12595598564070548,6407,3626
R7_waveform_demo_acq,deterioration_icu_24h,record,0.37,0.021169801878401846,-0.3873714513639595,0.0,0.15842047760262212,0.12595598564070548,6407,3626
R7_waveform_demo_acq,deterioration_icu_24h,record,0.38,0.022782541272902114,-0.4097484102569266,0.0,0.14437334165756205,0.12595598564070548,6407,3626
R7_waveform_demo_acq,deterioration_icu_24h,record,0.39,0.02453515238200022,-0.43285903993326974,0.0,0.1325113157484002,0.12595598564070548,6407,3626
R7_waveform_demo_acq,deterioration_icu_24h,record,0.4,0.02606524114250039,-0.45674002393215757,0.0,0.12283439987513657,0.12595598564070548,6407,3626
R7_waveform_demo_acq,deterioration_icu_24h,record,0.41,0.024901260009576404,-0.4814305328123634,0.0,0.11034805681286093,0.12595598564070548,6407,3626
R7_waveform_demo_acq,deterioration_icu_24h,record,0.42,0.022986711732318643,-0.5069724385505077,0.0,0.1012954580927111,0.12595598564070548,6407,3626
R7_waveform_demo_acq,deterioration_icu_24h,record,0.43,0.02308604349957147,-0.533410551507534,0.0,0.0909942250663337,0.12595598564070548,6407,3626
R7_waveform_demo_acq,deterioration_icu_24h,record,0.44,0.022230150059087163,-0.5607928827844544,0.0,0.08131730919307008,0.12595598564070548,6407,3626
R7_waveform_demo_acq,deterioration_icu_24h,record,0.45,0.02250379556451041,-0.5891709351987171,0.0,0.07273294833775558,0.12595598564070548,6407,3626
R7_waveform_demo_acq,deterioration_icu_24h,record,0.46,0.01993190318459555,-0.6186000265912861,0.0,0.06617761823006087,0.12595598564070548,6407,3626
R7_waveform_demo_acq,deterioration_icu_24h,record,0.47,0.019309658363052203,-0.6491396497345179,0.0,0.05759325737474637,0.12595598564070548,6407,3626
R7_waveform_demo_acq,deterioration_icu_24h,record,0.48,0.017829057161037807,-0.680853873767874,0.0,0.049945372249102546,0.12595598564070548,6407,3626
R7_waveform_demo_acq,deterioration_icu_24h,record,0.49,0.018175586138935048,-0.7138117928613616,0.0,0.045106914312470735,0.12595598564070548,6407,3626
R7_waveform_demo_acq,deterioration_icu_24h,record,0.5,0.016856563134072106,-0.7480880287185889,0.0,0.03933198064616825,0.12595598564070548,6407,3626
R1_prevalence,deterioration_mortality_28d,record,0.01,0.03248414449410093,0.03248414449410093,0.0,1.0,0.04215930304915993,6428,3636
R1_prevalence,deterioration_mortality_28d,record,0.02,0.022611533723632577,0.022611533723632577,0.0,1.0,0.04215930304915993,6428,3636
R1_prevalence,deterioration_mortality_28d,record,0.03,0.01253536396820611,0.01253536396820611,0.0,1.0,0.04215930304915993,6428,3636
R1_prevalence,deterioration_mortality_28d,record,0.04,0.0,0.0022492740095415853,0.0,0.0,0.04215930304915993,6428,3636
R1_prevalence,deterioration_mortality_28d,record,0.05,0.0,-0.008253365211410603,0.0,0.0,0.04215930304915993,6428,3636
R1_prevalence,deterioration_mortality_28d,record,0.06,0.0,-0.018979464841319217,0.0,0.0,0.04215930304915993,6428,3636
R1_prevalence,deterioration_mortality_28d,record,0.07,0.0,-0.029936233280473214,0.0,0.0,0.04215930304915993,6428,3636
R1_prevalence,deterioration_mortality_28d,record,0.08,0.0,-0.04113119233786964,0.0,0.0,0.04215930304915993,6428,3636
R1_prevalence,deterioration_mortality_28d,record,0.09,0.0,-0.052572194451472605,0.0,0.0,0.04215930304915993,6428,3636
R1_prevalence,deterioration_mortality_28d,record,0.1,0.0,-0.06426744105648899,0.0,0.0,0.04215930304915993,6428,3636
R1_prevalence,deterioration_mortality_28d,record,0.11,0.0,-0.07622550219195512,0.0,0.0,0.04215930304915993,6428,3636
R1_prevalence,deterioration_mortality_28d,record,0.12,0.0,-0.08845533744413642,0.0,0.0,0.04215930304915993,6428,3636
R1_prevalence,deterioration_mortality_28d,record,0.13,0.0,-0.10096631833429895,0.0,0.0,0.04215930304915993,6428,3636
R1_prevalence,deterioration_mortality_28d,record,0.14,0.0,-0.11376825226841869,0.0,0.0,0.04215930304915993,6428,3636
R1_prevalence,deterioration_mortality_28d,record,0.15,0.0,-0.1268714081774589,0.0,0.0,0.04215930304915993,6428,3636
R1_prevalence,deterioration_mortality_28d,record,0.16,0.0,-0.14028654398909532,0.0,0.0,0.04215930304915993,6428,3636
R1_prevalence,deterioration_mortality_28d,record,0.17,0.0,-0.1540249360853495,0.0,0.0,0.04215930304915993,6428,3636
R1_prevalence,deterioration_mortality_28d,record,0.18,0.0,-0.16809841091565858,0.0,0.0,0.04215930304915993,6428,3636
R1_prevalence,deterioration_mortality_28d,record,0.19,0.0,-0.18251937895165438,0.0,0.0,0.04215930304915993,6428,3636
R1_prevalence,deterioration_mortality_28d,record,0.2,0.0,-0.19730087118855008,0.0,0.0,0.04215930304915993,6428,3636
R1_prevalence,deterioration_mortality_28d,record,0.21,0.0,-0.21245657841878485,0.0,0.0,0.04215930304915993,6428,3636
R1_prevalence,deterioration_mortality_28d,record,0.22,0.0,-0.22800089352671804,0.0,0.0,0.04215930304915993,6428,3636
R1_prevalence,deterioration_mortality_28d,record,0.23,0.0,-0.24394895707901304,0.0,0.0,0.04215930304915993,6428,3636
R1_prevalence,deterioration_mortality_28d,record,0.24,0.0,-0.26031670651426325,0.0,0.0,0.04215930304915993,6428,3636
R1_prevalence,deterioration_mortality_28d,record,0.25,0.0,-0.27712092926778675,0.0,0.0,0.04215930304915993,6428,3636
R1_prevalence,deterioration_mortality_28d,record,0.26,0.0,-0.29437932020383795,0.0,0.0,0.04215930304915993,6428,3636
R1_prevalence,deterioration_mortality_28d,record,0.27,0.0,-0.3121105437682741,0.0,0.0,0.04215930304915993,6428,3636
R1_prevalence,deterioration_mortality_28d,record,0.28,0.0,-0.33033430132061126,0.0,0.0,0.04215930304915993,6428,3636
R1_prevalence,deterioration_mortality_28d,record,0.29,0.0,-0.34907140415611276,0.0,0.0,0.04215930304915993,6428,3636
R1_prevalence,deterioration_mortality_28d,record,0.3,0.0,-0.3683438527869144,0.0,0.0,0.04215930304915993,6428,3636
R1_prevalence,deterioration_mortality_28d,record,0.31,0.0,-0.38817492311715956,0.0,0.0,0.04215930304915993,6428,3636
R1_prevalence,deterioration_mortality_28d,record,0.32,0.0,-0.4085892602218237,0.0,0.0,0.04215930304915993,6428,3636
R1_prevalence,deterioration_mortality_28d,record,0.33,0.0,-0.429612980523642,0.0,0.0,0.04215930304915993,6428,3636
R1_prevalence,deterioration_mortality_28d,record,0.34,0.0,-0.4512737832588487,0.0,0.0,0.04215930304915993,6428,3636
R1_prevalence,deterioration_mortality_28d,record,0.35,0.0,-0.4736010722320616,0.0,0.0,0.04215930304915993,6428,3636
R1_prevalence,deterioration_mortality_28d,record,0.36,0.0,-0.4966260889856876,0.0,0.0,0.04215930304915993,6428,3636
R1_prevalence,deterioration_mortality_28d,record,0.37,0.0,-0.520382058652127,0.0,0.0,0.04215930304915993,6428,3636
R1_prevalence,deterioration_mortality_28d,record,0.38,0.0,-0.5449043499207098,0.0,0.0,0.04215930304915993,6428,3636
R1_prevalence,deterioration_mortality_28d,record,0.39,0.0,-0.5702306507390821,0.0,0.0,0.04215930304915993,6428,3636
R1_prevalence,deterioration_mortality_28d,record,0.4,0.0,-0.5964011615847336,0.0,0.0,0.04215930304915993,6428,3636
R1_prevalence,deterioration_mortality_28d,record,0.41,0.0,-0.6234588083912541,0.0,0.0,0.04215930304915993,6428,3636
R1_prevalence,deterioration_mortality_28d,record,0.42,0.0,-0.6514494775014483,0.0,0.0,0.04215930304915993,6428,3636
R1_prevalence,deterioration_mortality_28d,record,0.43,0.0,-0.6804222753523509,0.0,0.0,0.04215930304915993,6428,3636
R1_prevalence,deterioration_mortality_28d,record,0.44,0.0,-0.710429815983643,0.0,0.0,0.04215930304915993,6428,3636
R1_prevalence,deterioration_mortality_28d,record,0.45,0.0,-0.7415285399106183,0.0,0.0,0.04215930304915993,6428,3636
R1_prevalence,deterioration_mortality_28d,record,0.46,0.0,-0.7737790684274816,0.0,0.0,0.04215930304915993,6428,3636
R1_prevalence,deterioration_mortality_28d,record,0.47,0.0,-0.8072465980204528,0.0,0.0,0.04215930304915993,6428,3636
R1_prevalence,deterioration_mortality_28d,record,0.48,0.0,-0.842001340290077,0.0,0.0,0.04215930304915993,6428,3636
R1_prevalence,deterioration_mortality_28d,record,0.49,0.0,-0.878119013629098,0.0,0.0,0.04215930304915993,6428,3636
R1_prevalence,deterioration_mortality_28d,record,0.5,0.0,-0.9156813939016801,0.0,0.0,0.04215930304915993,6428,3636
R2_demo,deterioration_mortality_28d,record,0.01,0.03248414449410093,0.03248414449410093,0.0,1.0,0.04215930304915993,6428,3636
R2_demo,deterioration_mortality_28d,record,0.02,0.022611533723632577,0.022611533723632577,0.0,1.0,0.04215930304915993,6428,3636
R2_demo,deterioration_mortality_28d,record,0.03,0.01253536396820611,0.01253536396820611,0.0,1.0,0.04215930304915993,6428,3636
R2_demo,deterioration_mortality_28d,record,0.04,0.012484443061605476,0.0022492740095415853,0.0,0.4354387056627256,0.04215930304915993,6428,3636
R2_demo,deterioration_mortality_28d,record,0.05,0.006239151082435398,-0.008253365211410603,0.0,0.10236465463596764,0.04215930304915993,6428,3636
R2_demo,deterioration_mortality_28d,record,0.06,0.003783315018072529,-0.018979464841319217,0.0,0.049626633478531426,0.04215930304915993,6428,3636
R2_demo,deterioration_mortality_28d,record,0.07,0.0,-0.029936233280473214,0.0,0.0,0.04215930304915993,6428,3636
R2_demo,deterioration_mortality_28d,record,0.08,0.0,-0.04113119233786964,0.0,0.0,0.04215930304915993,6428,3636
R2_demo,deterioration_mortality_28d,record,0.09,0.0,-0.052572194451472605,0.0,0.0,0.04215930304915993,6428,3636
R2_demo,deterioration_mortality_28d,record,0.1,0.0,-0.06426744105648899,0.0,0.0,0.04215930304915993,6428,3636
R2_demo,deterioration_mortality_28d,record,0.11,0.0,-0.07622550219195512,0.0,0.0,0.04215930304915993,6428,3636
R2_demo,deterioration_mortality_28d,record,0.12,0.0,-0.08845533744413642,0.0,0.0,0.04215930304915993,6428,3636
R2_demo,deterioration_mortality_28d,record,0.13,0.0,-0.10096631833429895,0.0,0.0,0.04215930304915993,6428,3636
R2_demo,deterioration_mortality_28d,record,0.14,0.0,-0.11376825226841869,0.0,0.0,0.04215930304915993,6428,3636
R2_demo,deterioration_mortality_28d,record,0.15,0.0,-0.1268714081774589,0.0,0.0,0.04215930304915993,6428,3636
R2_demo,deterioration_mortality_28d,record,0.16,0.0,-0.14028654398909532,0.0,0.0,0.04215930304915993,6428,3636
R2_demo,deterioration_mortality_28d,record,0.17,0.0,-0.1540249360853495,0.0,0.0,0.04215930304915993,6428,3636
R2_demo,deterioration_mortality_28d,record,0.18,0.0,-0.16809841091565858,0.0,0.0,0.04215930304915993,6428,3636
R2_demo,deterioration_mortality_28d,record,0.19,0.0,-0.18251937895165438,0.0,0.0,0.04215930304915993,6428,3636
R2_demo,deterioration_mortality_28d,record,0.2,0.0,-0.19730087118855008,0.0,0.0,0.04215930304915993,6428,3636
R2_demo,deterioration_mortality_28d,record,0.21,0.0,-0.21245657841878485,0.0,0.0,0.04215930304915993,6428,3636
R2_demo,deterioration_mortality_28d,record,0.22,0.0,-0.22800089352671804,0.0,0.0,0.04215930304915993,6428,3636
R2_demo,deterioration_mortality_28d,record,0.23,0.0,-0.24394895707901304,0.0,0.0,0.04215930304915993,6428,3636
R2_demo,deterioration_mortality_28d,record,0.24,0.0,-0.26031670651426325,0.0,0.0,0.04215930304915993,6428,3636
R2_demo,deterioration_mortality_28d,record,0.25,0.0,-0.27712092926778675,0.0,0.0,0.04215930304915993,6428,3636
R2_demo,deterioration_mortality_28d,record,0.26,0.0,-0.29437932020383795,0.0,0.0,0.04215930304915993,6428,3636
R2_demo,deterioration_mortality_28d,record,0.27,0.0,-0.3121105437682741,0.0,0.0,0.04215930304915993,6428,3636
R2_demo,deterioration_mortality_28d,record,0.28,0.0,-0.33033430132061126,0.0,0.0,0.04215930304915993,6428,3636
R2_demo,deterioration_mortality_28d,record,0.29,0.0,-0.34907140415611276,0.0,0.0,0.04215930304915993,6428,3636
R2_demo,deterioration_mortality_28d,record,0.3,0.0,-0.3683438527869144,0.0,0.0,0.04215930304915993,6428,3636
R2_demo,deterioration_mortality_28d,record,0.31,0.0,-0.38817492311715956,0.0,0.0,0.04215930304915993,6428,3636
R2_demo,deterioration_mortality_28d,record,0.32,0.0,-0.4085892602218237,0.0,0.0,0.04215930304915993,6428,3636
R2_demo,deterioration_mortality_28d,record,0.33,0.0,-0.429612980523642,0.0,0.0,0.04215930304915993,6428,3636
R2_demo,deterioration_mortality_28d,record,0.34,0.0,-0.4512737832588487,0.0,0.0,0.04215930304915993,6428,3636
R2_demo,deterioration_mortality_28d,record,0.35,0.0,-0.4736010722320616,0.0,0.0,0.04215930304915993,6428,3636
R2_demo,deterioration_mortality_28d,record,0.36,0.0,-0.4966260889856876,0.0,0.0,0.04215930304915993,6428,3636
R2_demo,deterioration_mortality_28d,record,0.37,0.0,-0.520382058652127,0.0,0.0,0.04215930304915993,6428,3636
R2_demo,deterioration_mortality_28d,record,0.38,0.0,-0.5449043499207098,0.0,0.0,0.04215930304915993,6428,3636
R2_demo,deterioration_mortality_28d,record,0.39,0.0,-0.5702306507390821,0.0,0.0,0.04215930304915993,6428,3636
R2_demo,deterioration_mortality_28d,record,0.4,0.0,-0.5964011615847336,0.0,0.0,0.04215930304915993,6428,3636
R2_demo,deterioration_mortality_28d,record,0.41,0.0,-0.6234588083912541,0.0,0.0,0.04215930304915993,6428,3636
R2_demo,deterioration_mortality_28d,record,0.42,0.0,-0.6514494775014483,0.0,0.0,0.04215930304915993,6428,3636
R2_demo,deterioration_mortality_28d,record,0.43,0.0,-0.6804222753523509,0.0,0.0,0.04215930304915993,6428,3636
R2_demo,deterioration_mortality_28d,record,0.44,0.0,-0.710429815983643,0.0,0.0,0.04215930304915993,6428,3636
R2_demo,deterioration_mortality_28d,record,0.45,0.0,-0.7415285399106183,0.0,0.0,0.04215930304915993,6428,3636
R2_demo,deterioration_mortality_28d,record,0.46,0.0,-0.7737790684274816,0.0,0.0,0.04215930304915993,6428,3636
R2_demo,deterioration_mortality_28d,record,0.47,0.0,-0.8072465980204528,0.0,0.0,0.04215930304915993,6428,3636
R2_demo,deterioration_mortality_28d,record,0.48,0.0,-0.842001340290077,0.0,0.0,0.04215930304915993,6428,3636
R2_demo,deterioration_mortality_28d,record,0.49,0.0,-0.878119013629098,0.0,0.0,0.04215930304915993,6428,3636
R2_demo,deterioration_mortality_28d,record,0.5,0.0,-0.9156813939016801,0.0,0.0,0.04215930304915993,6428,3636
R3_acqctx_pre,deterioration_mortality_28d,record,0.01,0.03248414449410093,0.03248414449410093,0.0,1.0,0.04215930304915993,6428,3636
R3_acqctx_pre,deterioration_mortality_28d,record,0.02,0.022611533723632577,0.022611533723632577,0.0,1.0,0.04215930304915993,6428,3636
R3_acqctx_pre,deterioration_mortality_28d,record,0.03,0.01813425798215282,0.01253536396820611,0.0,0.7048848786558806,0.04215930304915993,6428,3636
R3_acqctx_pre,deterioration_mortality_28d,record,0.04,0.01677556523542833,0.0022492740095415853,0.0,0.3557871810827629,0.04215930304915993,6428,3636
R3_acqctx_pre,deterioration_mortality_28d,record,0.05,0.013747420823371433,-0.008253365211410603,0.0,0.18372744243932795,0.04215930304915993,6428,3636
R3_acqctx_pre,deterioration_mortality_28d,record,0.06,0.010419838737438599,-0.018979464841319217,0.0,0.09863098942128189,0.04215930304915993,6428,3636
R3_acqctx_pre,deterioration_mortality_28d,record,0.07,0.007945748104729979,-0.029936233280473214,0.0,0.05444928438083385,0.04215930304915993,6428,3636
R3_acqctx_pre,deterioration_mortality_28d,record,0.08,0.0065339141257000615,-0.04113119233786964,0.0,0.03764779091474798,0.04215930304915993,6428,3636
R3_acqctx_pre,deterioration_mortality_28d,record,0.09,0.00433029944542079,-0.052572194451472605,0.0,0.02535780958307405,0.04215930304915993,6428,3636
R3_acqctx_pre,deterioration_mortality_28d,record,0.1,0.003958376547051096,-0.06426744105648899,0.0,0.017268201617921593,0.04215930304915993,6428,3636
R3_acqctx_pre,deterioration_mortality_28d,record,0.11,0.0022269145522048903,-0.07622550219195512,0.0,0.010267579340385812,0.04215930304915993,6428,3636
R3_acqctx_pre,deterioration_mortality_28d,record,0.12,0.0006929908921197036,-0.08845533744413642,0.0,0.005289359054138146,0.04215930304915993,6428,3636
R3_acqctx_pre,deterioration_mortality_28d,record,0.13,-0.0002628586142523014,-0.10096631833429895,0.0,0.002955818294959552,0.04215930304915993,6428,3636
R3_acqctx_pre,deterioration_mortality_28d,record,0.14,-0.000123008350096236,-0.11376825226841869,0.0,0.001866832607342875,0.04215930304915993,6428,3636
R3_acqctx_pre,deterioration_mortality_28d,record,0.15,-0.0002470807862659688,-0.1268714081774589,0.0,0.0014001244555071563,0.04215930304915993,6428,3636
R3_acqctx_pre,deterioration_mortality_28d,record,0.16,-0.00011852905443446826,-0.14028654398909532,0.0,0.0006222775357809583,0.04215930304915993,6428,3636
R3_acqctx_pre,deterioration_mortality_28d,record,0.17,-6.37272175197367e-05,-0.1540249360853495,0.0,0.00031113876789047915,0.04215930304915993,6428,3636
R3_acqctx_pre,deterioration_mortality_28d,record,0.18,-3.414937696358917e-05,-0.16809841091565858,0.0,0.00015556938394523958,0.04215930304915993,6428,3636
R3_acqctx_pre,deterioration_mortality_28d,record,0.19,-3.649158388838953e-05,-0.18251937895165438,0.0,0.00015556938394523958,0.04215930304915993,6428,3636
R3_acqctx_pre,deterioration_mortality_28d,record,0.2,-3.8892345986309894e-05,-0.19730087118855008,0.0,0.00015556938394523958,0.04215930304915993,6428,3636
R3_acqctx_pre,deterioration_mortality_28d,record,0.21,0.0,-0.21245657841878485,0.0,0.0,0.04215930304915993,6428,3636
R3_acqctx_pre,deterioration_mortality_28d,record,0.22,0.0,-0.22800089352671804,0.0,0.0,0.04215930304915993,6428,3636
R3_acqctx_pre,deterioration_mortality_28d,record,0.23,0.0,-0.24394895707901304,0.0,0.0,0.04215930304915993,6428,3636
R3_acqctx_pre,deterioration_mortality_28d,record,0.24,0.0,-0.26031670651426325,0.0,0.0,0.04215930304915993,6428,3636
R3_acqctx_pre,deterioration_mortality_28d,record,0.25,0.0,-0.27712092926778675,0.0,0.0,0.04215930304915993,6428,3636
R3_acqctx_pre,deterioration_mortality_28d,record,0.26,0.0,-0.29437932020383795,0.0,0.0,0.04215930304915993,6428,3636
R3_acqctx_pre,deterioration_mortality_28d,record,0.27,0.0,-0.3121105437682741,0.0,0.0,0.04215930304915993,6428,3636
R3_acqctx_pre,deterioration_mortality_28d,record,0.28,0.0,-0.33033430132061126,0.0,0.0,0.04215930304915993,6428,3636
R3_acqctx_pre,deterioration_mortality_28d,record,0.29,0.0,-0.34907140415611276,0.0,0.0,0.04215930304915993,6428,3636
R3_acqctx_pre,deterioration_mortality_28d,record,0.3,0.0,-0.3683438527869144,0.0,0.0,0.04215930304915993,6428,3636
R3_acqctx_pre,deterioration_mortality_28d,record,0.31,0.0,-0.38817492311715956,0.0,0.0,0.04215930304915993,6428,3636
R3_acqctx_pre,deterioration_mortality_28d,record,0.32,0.0,-0.4085892602218237,0.0,0.0,0.04215930304915993,6428,3636
R3_acqctx_pre,deterioration_mortality_28d,record,0.33,0.0,-0.429612980523642,0.0,0.0,0.04215930304915993,6428,3636
R3_acqctx_pre,deterioration_mortality_28d,record,0.34,0.0,-0.4512737832588487,0.0,0.0,0.04215930304915993,6428,3636
R3_acqctx_pre,deterioration_mortality_28d,record,0.35,0.0,-0.4736010722320616,0.0,0.0,0.04215930304915993,6428,3636
R3_acqctx_pre,deterioration_mortality_28d,record,0.36,0.0,-0.4966260889856876,0.0,0.0,0.04215930304915993,6428,3636
R3_acqctx_pre,deterioration_mortality_28d,record,0.37,0.0,-0.520382058652127,0.0,0.0,0.04215930304915993,6428,3636
R3_acqctx_pre,deterioration_mortality_28d,record,0.38,0.0,-0.5449043499207098,0.0,0.0,0.04215930304915993,6428,3636
R3_acqctx_pre,deterioration_mortality_28d,record,0.39,0.0,-0.5702306507390821,0.0,0.0,0.04215930304915993,6428,3636
R3_acqctx_pre,deterioration_mortality_28d,record,0.4,0.0,-0.5964011615847336,0.0,0.0,0.04215930304915993,6428,3636
R3_acqctx_pre,deterioration_mortality_28d,record,0.41,0.0,-0.6234588083912541,0.0,0.0,0.04215930304915993,6428,3636
R3_acqctx_pre,deterioration_mortality_28d,record,0.42,0.0,-0.6514494775014483,0.0,0.0,0.04215930304915993,6428,3636
R3_acqctx_pre,deterioration_mortality_28d,record,0.43,0.0,-0.6804222753523509,0.0,0.0,0.04215930304915993,6428,3636
R3_acqctx_pre,deterioration_mortality_28d,record,0.44,0.0,-0.710429815983643,0.0,0.0,0.04215930304915993,6428,3636
R3_acqctx_pre,deterioration_mortality_28d,record,0.45,0.0,-0.7415285399106183,0.0,0.0,0.04215930304915993,6428,3636
R3_acqctx_pre,deterioration_mortality_28d,record,0.46,0.0,-0.7737790684274816,0.0,0.0,0.04215930304915993,6428,3636
R3_acqctx_pre,deterioration_mortality_28d,record,0.47,0.0,-0.8072465980204528,0.0,0.0,0.04215930304915993,6428,3636
R3_acqctx_pre,deterioration_mortality_28d,record,0.48,0.0,-0.842001340290077,0.0,0.0,0.04215930304915993,6428,3636
R3_acqctx_pre,deterioration_mortality_28d,record,0.49,0.0,-0.878119013629098,0.0,0.0,0.04215930304915993,6428,3636
R3_acqctx_pre,deterioration_mortality_28d,record,0.5,0.0,-0.9156813939016801,0.0,0.0,0.04215930304915993,6428,3636
R3b_acqctx_window,deterioration_mortality_28d,record,0.01,0.03248414449410093,0.03248414449410093,0.0,1.0,0.04215930304915993,6428,3636
R3b_acqctx_window,deterioration_mortality_28d,record,0.02,0.025126042949849506,0.022611533723632577,0.0,0.6745488487865589,0.04215930304915993,6428,3636
R3b_acqctx_window,deterioration_mortality_28d,record,0.03,0.020421288306956033,0.01253536396820611,0.0,0.496110765401369,0.04215930304915993,6428,3636
R3b_acqctx_window,deterioration_mortality_28d,record,0.04,0.01695706285003111,0.0022492740095415853,0.0,0.37476664592408215,0.04215930304915993,6428,3636
R3b_acqctx_window,deterioration_mortality_28d,record,0.05,0.014533455605410537,-0.008253365211410603,0.0,0.23102053515868076,0.04215930304915993,6428,3636
R3b_acqctx_window,deterioration_mortality_28d,record,0.06,0.012776549404864359,-0.018979464841319217,0.0,0.1913503422526447,0.04215930304915993,6428,3636
R3b_acqctx_window,deterioration_mortality_28d,record,0.07,0.010730941914072168,-0.029936233280473214,0.0,0.1485687616677038,0.04215930304915993,6428,3636
R3b_acqctx_window,deterioration_mortality_28d,record,0.08,0.008833635453586213,-0.04113119233786964,0.0,0.08898568761667704,0.04215930304915993,6428,3636
R3b_acqctx_window,deterioration_mortality_28d,record,0.09,0.007193801842215034,-0.052572194451472605,0.0,0.060360920970752956,0.04215930304915993,6428,3636
R3b_acqctx_window,deterioration_mortality_28d,record,0.1,0.0063437737675447695,-0.06426744105648899,0.0,0.04713752333540759,0.04215930304915993,6428,3636
R3b_acqctx_window,deterioration_mortality_28d,record,0.11,0.005121553875950021,-0.07622550219195512,0.0,0.04200373366521468,0.04215930304915993,6428,3636
R3b_acqctx_window,deterioration_mortality_28d,record,0.12,0.003917519941166488,-0.08845533744413642,0.0,0.03609209707529558,0.04215930304915993,6428,3636
R3b_acqctx_window,deterioration_mortality_28d,record,0.13,0.0036067062921557257,-0.10096631833429895,0.0,0.02971375233354076,0.04215930304915993,6428,3636
R3b_acqctx_window,deterioration_mortality_28d,record,0.14,0.0026953300241675223,-0.11376825226841869,0.0,0.02566894835096453,0.04215930304915993,6428,3636
R3b_acqctx_window,deterioration_mortality_28d,record,0.15,0.001811925765950437,-0.1268714081774589,0.0,0.020846297448662104,0.04215930304915993,6428,3636
R3b_acqctx_window,deterioration_mortality_28d,record,0.16,0.001859424541440721,-0.14028654398909532,0.0,0.016490354698195396,0.04215930304915993,6428,3636
R3b_acqctx_window,deterioration_mortality_28d,record,0.17,0.0016943942540541754,-0.1540249360853495,0.0,0.013690105787181083,0.04215930304915993,6428,3636
R3b_acqctx_window,deterioration_mortality_28d,record,0.18,0.00138494695463445,-0.16809841091565858,0.0,0.010112009956440573,0.04215930304915993,6428,3636
R3b_acqctx_window,deterioration_mortality_28d,record,0.19,0.00048015241958407296,-0.18251937895165438,0.0,0.007778469197261979,0.04215930304915993,6428,3636
R3b_acqctx_window,deterioration_mortality_28d,record,0.2,-7.778469197261984e-05,-0.19730087118855008,0.0,0.004978220286247666,0.04215930304915993,6428,3636
R3b_acqctx_window,deterioration_mortality_28d,record,0.21,-0.000992493284916465,-0.21245657841878485,0.0,0.00373366521468575,0.04215930304915993,6428,3636
R3b_acqctx_window,deterioration_mortality_28d,record,0.22,-0.0008775708837936592,-0.22800089352671804,0.0,0.0031113876789047915,0.04215930304915993,6428,3636
R3b_acqctx_window,deterioration_mortality_28d,record,0.23,-0.0007435004323616644,-0.24394895707901304,0.0,0.002489110143123833,0.04215930304915993,6428,3636
R3b_acqctx_window,deterioration_mortality_28d,record,0.24,-0.0006877804342842171,-0.26031670651426325,0.0,0.0021779713752333543,0.04215930304915993,6428,3636
R3b_acqctx_window,deterioration_mortality_28d,record,0.25,-0.0006222775357809583,-0.27712092926778675,0.0,0.001866832607342875,0.04215930304915993,6428,3636
R3b_acqctx_window,deterioration_mortality_28d,record,0.26,-0.0004919356195025144,-0.29437932020383795,0.0,0.0014001244555071563,0.04215930304915993,6428,3636
R3b_acqctx_window,deterioration_mortality_28d,record,0.27,-0.0005178542506670304,-0.3121105437682741,0.0,0.0014001244555071563,0.04215930304915993,6428,3636
R3b_acqctx_window,deterioration_mortality_28d,record,0.28,-0.0005444928438083387,-0.33033430132061126,0.0,0.0014001244555071563,0.04215930304915993,6428,3636
R3b_acqctx_window,deterioration_mortality_28d,record,0.29,-0.0005083393954266983,-0.34907140415611276,0.0,0.0012445550715619166,0.04215930304915993,6428,3636
R3b_acqctx_window,deterioration_mortality_28d,record,0.3,-0.0004667081518357188,-0.3683438527869144,0.0,0.0010889856876166771,0.04215930304915993,6428,3636
R3b_acqctx_window,deterioration_mortality_28d,record,0.31,-0.00041936094802629806,-0.38817492311715956,0.0,0.0009334163036714375,0.04215930304915993,6428,3636
R3b_acqctx_window,deterioration_mortality_28d,record,0.32,-0.0004392547311395,-0.4085892602218237,0.0,0.0009334163036714375,0.04215930304915993,6428,3636
R3b_acqctx_window,deterioration_mortality_28d,record,0.33,-0.0004597423585247379,-0.429612980523642,0.0,0.0009334163036714375,0.04215930304915993,6428,3636
R3b_acqctx_window,deterioration_mortality_28d,record,0.34,-0.0004808508231034679,-0.4512737832588487,0.0,0.0009334163036714375,0.04215930304915993,6428,3636
R3b_acqctx_window,deterioration_mortality_28d,record,0.35,-0.0005026087789000048,-0.4736010722320616,0.0,0.0009334163036714375,0.04215930304915993,6428,3636
R3b_acqctx_window,deterioration_mortality_28d,record,0.36,-0.0002625233354075918,-0.4966260889856876,0.0,0.0004667081518357187,0.04215930304915993,6428,3636
R3b_acqctx_window,deterioration_mortality_28d,record,0.37,-0.00018273229225313856,-0.520382058652127,0.0,0.00031113876789047915,0.04215930304915993,6428,3636
R3b_acqctx_window,deterioration_mortality_28d,record,0.38,0.0,-0.5449043499207098,0.0,0.0,0.04215930304915993,6428,3636
R3b_acqctx_window,deterioration_mortality_28d,record,0.39,0.0,-0.5702306507390821,0.0,0.0,0.04215930304915993,6428,3636
R3b_acqctx_window,deterioration_mortality_28d,record,0.4,0.0,-0.5964011615847336,0.0,0.0,0.04215930304915993,6428,3636
R3b_acqctx_window,deterioration_mortality_28d,record,0.41,0.0,-0.6234588083912541,0.0,0.0,0.04215930304915993,6428,3636
R3b_acqctx_window,deterioration_mortality_28d,record,0.42,0.0,-0.6514494775014483,0.0,0.0,0.04215930304915993,6428,3636
R3b_acqctx_window,deterioration_mortality_28d,record,0.43,0.0,-0.6804222753523509,0.0,0.0,0.04215930304915993,6428,3636
R3b_acqctx_window,deterioration_mortality_28d,record,0.44,0.0,-0.710429815983643,0.0,0.0,0.04215930304915993,6428,3636
R3b_acqctx_window,deterioration_mortality_28d,record,0.45,0.0,-0.7415285399106183,0.0,0.0,0.04215930304915993,6428,3636
R3b_acqctx_window,deterioration_mortality_28d,record,0.46,0.0,-0.7737790684274816,0.0,0.0,0.04215930304915993,6428,3636
R3b_acqctx_window,deterioration_mortality_28d,record,0.47,0.0,-0.8072465980204528,0.0,0.0,0.04215930304915993,6428,3636
R3b_acqctx_window,deterioration_mortality_28d,record,0.48,0.0,-0.842001340290077,0.0,0.0,0.04215930304915993,6428,3636
R3b_acqctx_window,deterioration_mortality_28d,record,0.49,0.0,-0.878119013629098,0.0,0.0,0.04215930304915993,6428,3636
R3b_acqctx_window,deterioration_mortality_28d,record,0.5,0.0,-0.9156813939016801,0.0,0.0,0.04215930304915993,6428,3636
R4_demo_acq,deterioration_mortality_28d,record,0.01,0.03412940858491574,0.03248414449410093,0.0,0.7437772246421904,0.04215930304915993,6428,3636
R4_demo_acq,deterioration_mortality_28d,record,0.02,0.02863746618747063,0.022611533723632577,0.0,0.5491599253266957,0.04215930304915993,6428,3636
R4_demo_acq,deterioration_mortality_28d,record,0.03,0.02398174224879554,0.01253536396820611,0.0,0.4276602364654636,0.04215930304915993,6428,3636
R4_demo_acq,deterioration_mortality_28d,record,0.04,0.019446172993154945,0.0022492740095415853,0.0,0.3305849408836341,0.04215930304915993,6428,3636
R4_demo_acq,deterioration_mortality_28d,record,0.05,0.01666229980676645,-0.008253365211410603,0.0,0.26835718730553826,0.04215930304915993,6428,3636
R4_demo_acq,deterioration_mortality_28d,record,0.06,0.01552052853870699,-0.018979464841319217,0.0,0.20799626633478532,0.04215930304915993,6428,3636
R4_demo_acq,deterioration_mortality_28d,record,0.07,0.012492388809710202,-0.029936233280473214,0.0,0.16739265712507778,0.04215930304915993,6428,3636
R4_demo_acq,deterioration_mortality_28d,record,0.08,0.009983496117529288,-0.04113119233786964,0.0,0.13021157436216552,0.04215930304915993,6428,3636
R4_demo_acq,deterioration_mortality_28d,record,0.09,0.009308519731668456,-0.052572194451472605,0.0,0.1081207218419415,0.04215930304915993,6428,3636
R4_demo_acq,deterioration_mortality_28d,record,0.1,0.008625458065408284,-0.06426744105648899,0.0,0.0872744243932794,0.04215930304915993,6428,3636
R4_demo_acq,deterioration_mortality_28d,record,0.11,0.008010949287876774,-0.07622550219195512,0.0,0.06953951462352209,0.04215930304915993,6428,3636
R4_demo_acq,deterioration_mortality_28d,record,0.12,0.00665412683147593,-0.08845533744413642,0.0,0.05880522713130056,0.04215930304915993,6428,3636
R4_demo_acq,deterioration_mortality_28d,record,0.13,0.006158401819625344,-0.10096631833429895,0.0,0.04853764779091475,0.04215930304915993,6428,3636
R4_demo_acq,deterioration_mortality_28d,record,0.14,0.005278505376188478,-0.11376825226841869,0.0,0.04091474797759801,0.04215930304915993,6428,3636
R4_demo_acq,deterioration_mortality_28d,record,0.15,0.005298510194370218,-0.1268714081774589,0.0,0.03531425015556938,0.04215930304915993,6428,3636
R4_demo_acq,deterioration_mortality_28d,record,0.16,0.004674489584259341,-0.14028654398909532,0.0,0.032825140012445554,0.04215930304915993,6428,3636
R4_demo_acq,deterioration_mortality_28d,record,0.17,0.004322204811779789,-0.1540249360853495,0.0,0.0283136278780336,0.04215930304915993,6428,3636
R4_demo_acq,deterioration_mortality_28d,record,0.18,0.0047619408988116025,-0.16809841091565858,0.0,0.024113254511512135,0.04215930304915993,6428,3636
R4_demo_acq,deterioration_mortality_28d,record,0.19,0.00460370139897209,-0.18251937895165438,0.0,0.02131300560049782,0.04215930304915993,6428,3636
R4_demo_acq,deterioration_mortality_28d,record,0.2,0.004044803982576228,-0.19730087118855008,0.0,0.01882389545737399,0.04215930304915993,6428,3636
R4_demo_acq,deterioration_mortality_28d,record,0.21,0.0037218498184367448,-0.21245657841878485,0.0,0.017112632233976355,0.04215930304915993,6428,3636
R4_demo_acq,deterioration_mortality_28d,record,0.22,0.0031672330987825696,-0.22800089352671804,0.0,0.014934660858743,0.04215930304915993,6428,3636
R4_demo_acq,deterioration_mortality_28d,record,0.23,0.0027638820420401006,-0.24394895707901304,0.0,0.013067828251400125,0.04215930304915993,6428,3636
R4_demo_acq,deterioration_mortality_28d,record,0.24,0.0028084367733272196,-0.26031670651426325,0.0,0.01120099564405725,0.04215930304915993,6428,3636
R4_demo_acq,deterioration_mortality_28d,record,0.25,0.002281684297863514,-0.27712092926778675,0.0,0.009334163036714374,0.04215930304915993,6428,3636
R4_demo_acq,deterioration_mortality_28d,record,0.26,0.0012697825392287121,-0.29437932020383795,0.0,0.00715619166148102,0.04215930304915993,6428,3636
R4_demo_acq,deterioration_mortality_28d,record,0.27,0.0010506261134931932,-0.3121105437682741,0.0,0.006378344741754823,0.04215930304915993,6428,3636
R4_demo_acq,deterioration_mortality_28d,record,0.28,0.0011235566618267299,-0.33033430132061126,0.0,0.0054449284380833855,0.04215930304915993,6428,3636
R4_demo_acq,deterioration_mortality_28d,record,0.29,0.0012883774332366322,-0.34907140415611276,0.0,0.0043559427504667085,0.04215930304915993,6428,3636
R4_demo_acq,deterioration_mortality_28d,record,0.3,0.0013556760600942307,-0.3683438527869144,0.0,0.00357809583074051,0.04215930304915993,6428,3636
R4_demo_acq,deterioration_mortality_28d,record,0.31,0.0014632540605863838,-0.38817492311715956,0.0,0.003266957062850031,0.04215930304915993,6428,3636
R4_demo_acq,deterioration_mortality_28d,record,0.32,0.0009608697243676563,-0.4085892602218237,0.0,0.0023335407591785935,0.04215930304915993,6428,3636
R4_demo_acq,deterioration_mortality_28d,record,0.33,0.00031810456120145997,-0.429612980523642,0.0,0.0017112632233976354,0.04215930304915993,6428,3636
R4_demo_acq,deterioration_mortality_28d,record,0.34,0.0002262827402839848,-0.4512737832588487,0.0,0.0009334163036714375,0.04215930304915993,6428,3636
R4_demo_acq,deterioration_mortality_28d,record,0.35,0.00014360250825714424,-0.4736010722320616,0.0,0.0006222775357809583,0.04215930304915993,6428,3636
R4_demo_acq,deterioration_mortality_28d,record,0.36,0.00022363098942128188,-0.4966260889856876,0.0,0.0004667081518357187,0.04215930304915993,6428,3636
R4_demo_acq,deterioration_mortality_28d,record,0.37,0.00021977262176390986,-0.520382058652127,0.0,0.0004667081518357187,0.04215930304915993,6428,3636
R4_demo_acq,deterioration_mortality_28d,record,0.38,0.00031113876789047915,-0.5449043499207098,0.0,0.00031113876789047915,0.04215930304915993,6428,3636
R4_demo_acq,deterioration_mortality_28d,record,0.39,0.00015556938394523958,-0.5702306507390821,0.0,0.00015556938394523958,0.04215930304915993,6428,3636
R4_demo_acq,deterioration_mortality_28d,record,0.4,0.00015556938394523958,-0.5964011615847336,0.0,0.00015556938394523958,0.04215930304915993,6428,3636
R4_demo_acq,deterioration_mortality_28d,record,0.41,0.00015556938394523958,-0.6234588083912541,0.0,0.00015556938394523958,0.04215930304915993,6428,3636
R4_demo_acq,deterioration_mortality_28d,record,0.42,0.00015556938394523958,-0.6514494775014483,0.0,0.00015556938394523958,0.04215930304915993,6428,3636
R4_demo_acq,deterioration_mortality_28d,record,0.43,0.00015556938394523958,-0.6804222753523509,0.0,0.00015556938394523958,0.04215930304915993,6428,3636
R4_demo_acq,deterioration_mortality_28d,record,0.44,0.00015556938394523958,-0.710429815983643,0.0,0.00015556938394523958,0.04215930304915993,6428,3636
R4_demo_acq,deterioration_mortality_28d,record,0.45,0.0,-0.7415285399106183,0.0,0.0,0.04215930304915993,6428,3636
R4_demo_acq,deterioration_mortality_28d,record,0.46,0.0,-0.7737790684274816,0.0,0.0,0.04215930304915993,6428,3636
R4_demo_acq,deterioration_mortality_28d,record,0.47,0.0,-0.8072465980204528,0.0,0.0,0.04215930304915993,6428,3636
R4_demo_acq,deterioration_mortality_28d,record,0.48,0.0,-0.842001340290077,0.0,0.0,0.04215930304915993,6428,3636
R4_demo_acq,deterioration_mortality_28d,record,0.49,0.0,-0.878119013629098,0.0,0.0,0.04215930304915993,6428,3636
R4_demo_acq,deterioration_mortality_28d,record,0.5,0.0,-0.9156813939016801,0.0,0.0,0.04215930304915993,6428,3636
R5_tabular,deterioration_mortality_28d,record,0.01,0.036043383429817784,0.03248414449410093,0.0,0.5231798382078406,0.04215930304915993,6428,3636
R5_tabular,deterioration_mortality_28d,record,0.02,0.032758467419326164,0.022611533723632577,0.0,0.3472308649657747,0.04215930304915993,6428,3636
R5_tabular,deterioration_mortality_28d,record,0.03,0.03057980869777199,0.01253536396820611,0.0,0.250622277535781,0.04215930304915993,6428,3636
R5_tabular,deterioration_mortality_28d,record,0.04,0.028598838415266538,0.0022492740095415853,0.0,0.2003733665214686,0.04215930304915993,6428,3636
R5_tabular,deterioration_mortality_28d,record,0.05,0.02677430976320702,-0.008253365211410603,0.0,0.16957062850031113,0.04215930304915993,6428,3636
R5_tabular,deterioration_mortality_28d,record,0.06,0.024874551496776077,-0.018979464841319217,0.0,0.1470130678282514,0.04215930304915993,6428,3636
R5_tabular,deterioration_mortality_28d,record,0.07,0.024409338177730493,-0.029936233280473214,0.0,0.13130056004978222,0.04215930304915993,6428,3636
R5_tabular,deterioration_mortality_28d,record,0.08,0.023085143800221853,-0.04113119233786964,0.0,0.11761045426260112,0.04215930304915993,6428,3636
R5_tabular,deterioration_mortality_28d,record,0.09,0.022034437249122997,-0.052572194451472605,0.0,0.10563161169881767,0.04215930304915993,6428,3636
R5_tabular,deterioration_mortality_28d,record,0.1,0.02082901196155708,-0.06426744105648899,0.0,0.09723086496577474,0.04215930304915993,6428,3636
R5_tabular,deterioration_mortality_28d,record,0.11,0.01989714940953553,-0.07622550219195512,0.0,0.08509645301804605,0.04215930304915993,6428,3636
R5_tabular,deterioration_mortality_28d,record,0.12,0.019226961588504836,-0.08845533744413642,0.0,0.07809583074051027,0.04215930304915993,6428,3636
R5_tabular,deterioration_mortality_28d,record,0.13,0.018857870380304557,-0.10096631833429895,0.0,0.07125077784691973,0.04215930304915993,6428,3636
R5_tabular,deterioration_mortality_28d,record,0.14,0.01835718730553827,-0.11376825226841869,0.0,0.06502800248911014,0.04215930304915993,6428,3636
R5_tabular,deterioration_mortality_28d,record,0.15,0.016957062850031113,-0.1268714081774589,0.0,0.060516490354698194,0.04215930304915993,6428,3636
R5_tabular,deterioration_mortality_28d,record,0.16,0.016682964411651405,-0.14028654398909532,0.0,0.05631611698817673,0.04215930304915993,6428,3636
R5_tabular,deterioration_mortality_28d,record,0.17,0.015901815101101356,-0.1540249360853495,0.0,0.054138145612943375,0.04215930304915993,6428,3636
R5_tabular,deterioration_mortality_28d,record,0.18,0.015496228391033134,-0.16809841091565858,0.0,0.05040448039825762,0.04215930304915993,6428,3636
R5_tabular,deterioration_mortality_28d,record,0.19,0.01521891109113677,-0.18251937895165438,0.0,0.04729309271935283,0.04215930304915993,6428,3636
R5_tabular,deterioration_mortality_28d,record,0.2,0.014467952706907282,-0.19730087118855008,0.0,0.0432482887367766,0.04215930304915993,6428,3636
R5_tabular,deterioration_mortality_28d,record,0.21,0.013386843950123276,-0.21245657841878485,0.0,0.040759178593652766,0.04215930304915993,6428,3636
R5_tabular,deterioration_mortality_28d,record,0.22,0.013095750961339012,-0.22800089352671804,0.0,0.038425637834474176,0.04215930304915993,6428,3636
R5_tabular,deterioration_mortality_28d,record,0.23,0.011661642651063935,-0.24394895707901304,0.0,0.03671437461107654,0.04215930304915993,6428,3636
R5_tabular,deterioration_mortality_28d,record,0.24,0.010988111223921659,-0.26031670651426325,0.0,0.03391412570006223,0.04215930304915993,6428,3636
R5_tabular,deterioration_mortality_28d,record,0.25,0.010475005185646133,-0.27712092926778675,0.0,0.03204729309271935,0.04215930304915993,6428,3636
R5_tabular,deterioration_mortality_28d,record,0.26,0.010254965606552414,-0.29437932020383795,0.0,0.030647168637212195,0.04215930304915993,6428,3636
R5_tabular,deterioration_mortality_28d,record,0.27,0.009796609013647484,-0.3121105437682741,0.0,0.02940261356565028,0.04215930304915993,6428,3636
R5_tabular,deterioration_mortality_28d,record,0.28,0.0094810896771071,-0.33033430132061126,0.0,0.027846919726197884,0.04215930304915993,6428,3636
R5_tabular,deterioration_mortality_28d,record,0.29,0.008790765751947902,-0.34907140415611276,0.0,0.026757934038581208,0.04215930304915993,6428,3636
R5_tabular,deterioration_mortality_28d,record,0.3,0.008156280558271847,-0.3683438527869144,0.0,0.025046670815183573,0.04215930304915993,6428,3636
R5_tabular,deterioration_mortality_28d,record,0.31,0.008105390366422265,-0.38817492311715956,0.0,0.024113254511512135,0.04215930304915993,6428,3636
R5_tabular,deterioration_mortality_28d,record,0.32,0.007714411215637468,-0.4085892602218237,0.0,0.023957685127566894,0.04215930304915993,6428,3636
R5_tabular,deterioration_mortality_28d,record,0.33,0.007622899813316738,-0.429612980523642,0.0,0.023179838207840697,0.04215930304915993,6428,3636
R5_tabular,deterioration_mortality_28d,record,0.34,0.007627614037072654,-0.4512737832588487,0.0,0.02271313005600498,0.04215930304915993,6428,3636
R5_tabular,deterioration_mortality_28d,record,0.35,0.007431429802307214,-0.4736010722320616,0.0,0.02131300560049782,0.04215930304915993,6428,3636
R5_tabular,deterioration_mortality_28d,record,0.36,0.006854775980087118,-0.4966260889856876,0.0,0.020224019912881145,0.04215930304915993,6428,3636
R5_tabular,deterioration_mortality_28d,record,0.37,0.006358589899349078,-0.520382058652127,0.0,0.01944617299315495,0.04215930304915993,6428,3636
R5_tabular,deterioration_mortality_28d,record,0.38,0.005811269245438304,-0.5449043499207098,0.0,0.01835718730553827,0.04215930304915993,6428,3636
R5_tabular,deterioration_mortality_28d,record,0.39,0.005692309261734012,-0.5702306507390821,0.0,0.017423771001866834,0.04215930304915993,6428,3636
R5_tabular,deterioration_mortality_28d,record,0.4,0.005444928438083385,-0.5964011615847336,0.0,0.016334785314250155,0.04215930304915993,6428,3636
R5_tabular,deterioration_mortality_28d,record,0.41,0.004962399670931202,-0.6234588083912541,0.0,0.015245799626633479,0.04215930304915993,6428,3636
R5_tabular,deterioration_mortality_28d,record,0.42,0.00481192197927172,-0.6514494775014483,0.0,0.01446795270690728,0.04215930304915993,6428,3636
R5_tabular,deterioration_mortality_28d,record,0.43,0.004956385986746581,-0.6804222753523509,0.0,0.013690105787181083,0.04215930304915993,6428,3636
R5_tabular,deterioration_mortality_28d,record,0.44,0.004889323495421816,-0.710429815983643,0.0,0.013223397635345364,0.04215930304915993,6428,3636
R5_tabular,deterioration_mortality_28d,record,0.45,0.004525654805679697,-0.7415285399106183,0.0,0.012445550715619166,0.04215930304915993,6428,3636
R5_tabular,deterioration_mortality_28d,record,0.46,0.004442370185991841,-0.7737790684274816,0.0,0.01135656502800249,0.04215930304915993,6428,3636
R5_tabular,deterioration_mortality_28d,record,0.47,0.004414648178370572,-0.8072465980204528,0.0,0.010578718108276292,0.04215930304915993,6428,3636
R5_tabular,deterioration_mortality_28d,record,0.48,0.0042841414963381355,-0.842001340290077,0.0,0.010267579340385812,0.04215930304915993,6428,3636
R5_tabular,deterioration_mortality_28d,record,0.49,0.0044657564332515835,-0.878119013629098,0.0,0.009956440572495333,0.04215930304915993,6428,3636
R5_tabular,deterioration_mortality_28d,record,0.5,0.004667081518357187,-0.9156813939016801,0.0,0.009334163036714374,0.04215930304915993,6428,3636
R6_waveform,deterioration_mortality_28d,record,0.01,0.032485715902019575,0.03248414449410093,0.0,0.9998444306160548,0.04215930304915993,6428,3636
R6_waveform,deterioration_mortality_28d,record,0.02,0.022871874325336855,0.022611533723632577,0.0,0.9872433105164904,0.04215930304915993,6428,3636
R6_waveform,deterioration_mortality_28d,record,0.03,0.013669256282116255,0.01253536396820611,0.0,0.9581518357187305,0.04215930304915993,6428,3636
R6_waveform,deterioration_mortality_28d,record,0.04,0.005328251400124447,0.0022492740095415853,0.0,0.9183260734287492,0.04215930304915993,6428,3636
R6_waveform,deterioration_mortality_28d,record,0.05,-0.0020060262666623044,-0.008253365211410603,0.0,0.8750777846919726,0.04215930304915993,6428,3636
R6_waveform,deterioration_mortality_28d,record,0.06,-0.008331237008301441,-0.018979464841319217,0.0,0.8228064716863721,0.04215930304915993,6428,3636
R6_waveform,deterioration_mortality_28d,record,0.07,-0.01393433299208438,-0.029936233280473214,0.0,0.7762912258867455,0.04215930304915993,6428,3636
R6_waveform,deterioration_mortality_28d,record,0.08,-0.018905062092475854,-0.04113119233786964,0.0,0.7327317983820784,0.04215930304915993,6428,3636
R6_waveform,deterioration_mortality_28d,record,0.09,-0.022615685496830483,-0.052572194451472605,0.0,0.6815494710640946,0.04215930304915993,6428,3636
R6_waveform,deterioration_mortality_28d,record,0.1,-0.026083800041485167,-0.06426744105648899,0.0,0.637678904791537,0.04215930304915993,6428,3636
R6_waveform,deterioration_mortality_28d,record,0.11,-0.028219237465302784,-0.07622550219195512,0.0,0.5917859365276914,0.04215930304915993,6428,3636
R6_waveform,deterioration_mortality_28d,record,0.12,-0.03000367709452962,-0.08845533744413642,0.0,0.5532047293092719,0.04215930304915993,6428,3636
R6_waveform,deterioration_mortality_28d,record,0.13,-0.03171112017109057,-0.10096631833429895,0.0,0.5161792159303049,0.04215930304915993,6428,3636
R6_waveform,deterioration_mortality_28d,record,0.14,-0.03298432728904068,-0.11376825226841869,0.0,0.4793092719352831,0.04215930304915993,6428,3636
R6_waveform,deterioration_mortality_28d,record,0.15,-0.03339251070683407,-0.1268714081774589,0.0,0.44228375855631613,0.04215930304915993,6428,3636
R6_waveform,deterioration_mortality_28d,record,0.16,-0.03343260141642221,-0.14028654398909532,0.0,0.41179215930304913,0.04215930304915993,6428,3636
R6_waveform,deterioration_mortality_28d,record,0.17,-0.03253649320367969,-0.1540249360853495,0.0,0.3775668948350965,0.04215930304915993,6428,3636
R6_waveform,deterioration_mortality_28d,record,0.18,-0.032866878139845485,-0.16809841091565858,0.0,0.35283136278780336,0.04215930304915993,6428,3636
R6_waveform,deterioration_mortality_28d,record,0.19,-0.03162860018284203,-0.18251937895165438,0.0,0.3223397635345364,0.04215930304915993,6428,3636
R6_waveform,deterioration_mortality_28d,record,0.2,-0.030258245177349104,-0.19730087118855008,0.0,0.2944928438083385,0.04215930304915993,6428,3636
R6_waveform,deterioration_mortality_28d,record,0.21,-0.02903830551463927,-0.21245657841878485,0.0,0.2685127566894835,0.04215930304915993,6428,3636
R6_waveform,deterioration_mortality_28d,record,0.22,-0.026578430903259773,-0.22800089352671804,0.0,0.23848786558805227,0.04215930304915993,6428,3636
R6_waveform,deterioration_mortality_28d,record,0.23,-0.02395364436434754,-0.24394895707901304,0.0,0.2134411947728687,0.04215930304915993,6428,3636
R6_waveform,deterioration_mortality_28d,record,0.24,-0.02145219925981725,-0.26031670651426325,0.0,0.1897946484131923,0.04215930304915993,6428,3636
R6_waveform,deterioration_mortality_28d,record,0.25,-0.01908317776394939,-0.27712092926778675,0.0,0.16614810205351588,0.04215930304915993,6428,3636
R6_waveform,deterioration_mortality_28d,record,0.26,-0.01622546628769404,-0.29437932020383795,0.0,0.14670192906036092,0.04215930304915993,6428,3636
R6_waveform,deterioration_mortality_28d,record,0.27,-0.015473825983923082,-0.3121105437682741,0.0,0.13114499066583696,0.04215930304915993,6428,3636
R6_waveform,deterioration_mortality_28d,record,0.28,-0.014269169605199479,-0.33033430132061126,0.0,0.119477286869944,0.04215930304915993,6428,3636
R6_waveform,deterioration_mortality_28d,record,0.29,-0.01259016450914573,-0.34907140415611276,0.0,0.10485376477909147,0.04215930304915993,6428,3636
R6_waveform,deterioration_mortality_28d,record,0.3,-0.01240110232020624,-0.3683438527869144,0.0,0.09271935283136279,0.04215930304915993,6428,3636
R6_waveform,deterioration_mortality_28d,record,0.31,-0.010346491346734848,-0.38817492311715956,0.0,0.08074051026757934,0.04215930304915993,6428,3636
R6_waveform,deterioration_mortality_28d,record,0.32,-0.008007247703063804,-0.4085892602218237,0.0,0.07000622277535781,0.04215930304915993,6428,3636
R6_waveform,deterioration_mortality_28d,record,0.33,-0.00642478336382803,-0.429612980523642,0.0,0.062072184194150594,0.04215930304915993,6428,3636
R6_waveform,deterioration_mortality_28d,record,0.34,-0.004308800512907548,-0.4512737832588487,0.0,0.053204729309271934,0.04215930304915993,6428,3636
R6_waveform,deterioration_mortality_28d,record,0.35,-0.004020870231200039,-0.4736010722320616,0.0,0.044803982576229,0.04215930304915993,6428,3636
R6_waveform,deterioration_mortality_28d,record,0.36,-0.003937850031113875,-0.4966260889856876,0.0,0.03811449906658369,0.04215930304915993,6428,3636
R6_waveform,deterioration_mortality_28d,record,0.37,-0.0035484635671318935,-0.520382058652127,0.0,0.031269446172993154,0.04215930304915993,6428,3636
R6_waveform,deterioration_mortality_28d,record,0.38,-0.0021578979063371917,-0.5449043499207098,0.0,0.02644679527069073,0.04215930304915993,6428,3636
R6_waveform,deterioration_mortality_28d,record,0.39,-0.001203749987248412,-0.5702306507390821,0.0,0.023024268823895456,0.04215930304915993,6428,3636
R6_waveform,deterioration_mortality_28d,record,0.4,-0.00010371292263016037,-0.5964011615847336,0.0,0.019601742377100186,0.04215930304915993,6428,3636
R6_waveform,deterioration_mortality_28d,record,0.41,-0.00015556938394523708,-0.6234588083912541,0.0,0.015401369010578718,0.04215930304915993,6428,3636
R6_waveform,deterioration_mortality_28d,record,0.42,-9.119584576100168e-05,-0.6514494775014483,0.0,0.011978842563783447,0.04215930304915993,6428,3636
R6_waveform,deterioration_mortality_28d,record,0.43,0.00028930446838939345,-0.6804222753523509,0.0,0.009023024268823895,0.04215930304915993,6428,3636
R6_waveform,deterioration_mortality_28d,record,0.44,-0.0002555782736243218,-0.710429815983643,0.0,0.006689483509645302,0.04215930304915993,6428,3636
R6_waveform,deterioration_mortality_28d,record,0.45,0.0003535667816937263,-0.7415285399106183,0.0,0.0054449284380833855,0.04215930304915993,6428,3636
R6_waveform,deterioration_mortality_28d,record,0.46,0.000276567793680426,-0.7737790684274816,0.0,0.00373366521468575,0.04215930304915993,6428,3636
R6_waveform,deterioration_mortality_28d,record,0.47,0.0001585046553404328,-0.8072465980204528,0.0,0.0028002489110143126,0.04215930304915993,6428,3636
R6_waveform,deterioration_mortality_28d,record,0.48,8.376812981666752e-05,-0.842001340290077,0.0,0.0021779713752333543,0.04215930304915993,6428,3636
R6_waveform,deterioration_mortality_28d,record,0.49,2.440304061886113e-05,-0.878119013629098,0.0,0.0012445550715619166,0.04215930304915993,6428,3636
R6_waveform,deterioration_mortality_28d,record,0.5,0.0,-0.9156813939016801,0.0,0.0009334163036714375,0.04215930304915993,6428,3636
R7_waveform_demo_acq,deterioration_mortality_28d,record,0.01,0.03248414449410093,0.03248414449410093,0.0,1.0,0.04215930304915993,6428,3636
R7_waveform_demo_acq,deterioration_mortality_28d,record,0.02,0.022627408150565766,0.022611533723632577,0.0,0.9992221530802738,0.04215930304915993,6428,3636
R7_waveform_demo_acq,deterioration_mortality_28d,record,0.03,0.012978014998813184,0.01253536396820611,0.0,0.985687616677038,0.04215930304915993,6428,3636
R7_waveform_demo_acq,deterioration_mortality_28d,record,0.04,0.004466137730761252,0.0022492740095415853,0.0,0.9467952706907281,0.04215930304915993,6428,3636
R7_waveform_demo_acq,deterioration_mortality_28d,record,0.05,-0.003250581338224222,-0.008253365211410603,0.0,0.8987243310516491,0.04215930304915993,6428,3636
R7_waveform_demo_acq,deterioration_mortality_28d,record,0.06,-0.00982404109679725,-0.018979464841319217,0.0,0.8487865588052271,0.04215930304915993,6428,3636
R7_waveform_demo_acq,deterioration_mortality_28d,record,0.07,-0.015225726157737332,-0.029936233280473214,0.0,0.7912258867454884,0.04215930304915993,6428,3636
R7_waveform_demo_acq,deterioration_mortality_28d,record,0.08,-0.019365006358053084,-0.04113119233786964,0.0,0.7380211574362165,0.04215930304915993,6428,3636
R7_waveform_demo_acq,deterioration_mortality_28d,record,0.09,-0.022813993722518917,-0.052572194451472605,0.0,0.6852831362787803,0.04215930304915993,6428,3636
R7_waveform_demo_acq,deterioration_mortality_28d,record,0.1,-0.02470096107308304,-0.06426744105648899,0.0,0.629900435594275,0.04215930304915993,6428,3636
R7_waveform_demo_acq,deterioration_mortality_28d,record,0.11,-0.025614761262174608,-0.07622550219195512,0.0,0.5777846919726198,0.04215930304915993,6428,3636
R7_waveform_demo_acq,deterioration_mortality_28d,record,0.12,-0.026326582564914852,-0.08845533744413642,0.0,0.5314250155569384,0.04215930304915993,6428,3636
R7_waveform_demo_acq,deterioration_mortality_28d,record,0.13,-0.027299744651631867,-0.10096631833429895,0.0,0.49144368388301185,0.04215930304915993,6428,3636
R7_waveform_demo_acq,deterioration_mortality_28d,record,0.14,-0.027846919726197884,-0.11376825226841869,0.0,0.4544181705040448,0.04215930304915993,6428,3636
R7_waveform_demo_acq,deterioration_mortality_28d,record,0.15,-0.026428492990226593,-0.1268714081774589,0.0,0.4131922837585563,0.04215930304915993,6428,3636
R7_waveform_demo_acq,deterioration_mortality_28d,record,0.16,-0.026446795270690722,-0.14028654398909532,0.0,0.38192283758556317,0.04215930304915993,6428,3636
R7_waveform_demo_acq,deterioration_mortality_28d,record,0.17,-0.02555273989548737,-0.1540249360853495,0.0,0.3498755444928438,0.04215930304915993,6428,3636
R7_waveform_demo_acq,deterioration_mortality_28d,record,0.18,-0.02546784646440116,-0.16809841091565858,0.0,0.32171748599875544,0.04215930304915993,6428,3636
R7_waveform_demo_acq,deterioration_mortality_28d,record,0.19,-0.024312997918059104,-0.18251937895165438,0.0,0.28951462352209084,0.04215930304915993,6428,3636
R7_waveform_demo_acq,deterioration_mortality_28d,record,0.2,-0.022090852520224018,-0.19730087118855008,0.0,0.26260112009956443,0.04215930304915993,6428,3636
R7_waveform_demo_acq,deterioration_mortality_28d,record,0.21,-0.021003836065315508,-0.21245657841878485,0.0,0.24051026757934038,0.04215930304915993,6428,3636
R7_waveform_demo_acq,deterioration_mortality_28d,record,0.22,-0.01928262569208431,-0.22800089352671804,0.0,0.21686372121966396,0.04215930304915993,6428,3636
R7_waveform_demo_acq,deterioration_mortality_28d,record,0.23,-0.01786219381116705,-0.24394895707901304,0.0,0.19710640945861854,0.04215930304915993,6428,3636
R7_waveform_demo_acq,deterioration_mortality_28d,record,0.24,-0.015229423902007658,-0.26031670651426325,0.0,0.1765712507778469,0.04215930304915993,6428,3636
R7_waveform_demo_acq,deterioration_mortality_28d,record,0.25,-0.012808545944824723,-0.27712092926778675,0.0,0.15790292470441816,0.04215930304915993,6428,3636
R7_waveform_demo_acq,deterioration_mortality_28d,record,0.26,-0.011213609377890649,-0.29437932020383795,0.0,0.1414125700062228,0.04215930304915993,6428,3636
R7_waveform_demo_acq,deterioration_mortality_28d,record,0.27,-0.009295803462590894,-0.3121105437682741,0.0,0.1253889234598631,0.04215930304915993,6428,3636
R7_waveform_demo_acq,deterioration_mortality_28d,record,0.28,-0.00883288391066861,-0.33033430132061126,0.0,0.11216552582451773,0.04215930304915993,6428,3636
R7_waveform_demo_acq,deterioration_mortality_28d,record,0.29,-0.008435804622382713,-0.34907140415611276,0.0,0.10112009956440572,0.04215930304915993,6428,3636
R7_waveform_demo_acq,deterioration_mortality_28d,record,0.3,-0.007022846475242248,-0.3683438527869144,0.0,0.08898568761667704,0.04215930304915993,6428,3636
R7_waveform_demo_acq,deterioration_mortality_28d,record,0.31,-0.005007530460034455,-0.38817492311715956,0.0,0.07638456751711263,0.04215930304915993,6428,3636
R7_waveform_demo_acq,deterioration_mortality_28d,record,0.32,-0.003578095830740511,-0.4085892602218237,0.0,0.0664281269446173,0.04215930304915993,6428,3636
R7_waveform_demo_acq,deterioration_mortality_28d,record,0.33,-0.002581987387270248,-0.429612980523642,0.0,0.0566272557560672,0.04215930304915993,6428,3636
R7_waveform_demo_acq,deterioration_mortality_28d,record,0.34,-0.0028426769248175634,-0.4512737832588487,0.0,0.048070939639079026,0.04215930304915993,6428,3636
R7_waveform_demo_acq,deterioration_mortality_28d,record,0.35,-0.001543726963764298,-0.4736010722320616,0.0,0.04153702551337897,0.04215930304915993,6428,3636
R7_waveform_demo_acq,deterioration_mortality_28d,record,0.36,0.0004375388923459865,-0.4966260889856876,0.0,0.03422526446795271,0.04215930304915993,6428,3636
R7_waveform_demo_acq,deterioration_mortality_28d,record,0.37,0.00035558716330340474,-0.520382058652127,0.0,0.02924704418170504,0.04215930304915993,6428,3636
R7_waveform_demo_acq,deterioration_mortality_28d,record,0.38,-0.0003563040729068403,-0.5449043499207098,0.0,0.024735532047293094,0.04215930304915993,6428,3636
R7_waveform_demo_acq,deterioration_mortality_28d,record,0.39,0.00043100370306140175,-0.5702306507390821,0.0,0.020068450528935907,0.04215930304915993,6428,3636
R7_waveform_demo_acq,deterioration_mortality_28d,record,0.4,0.00031113876789047937,-0.5964011615847336,0.0,0.015090230242688239,0.04215930304915993,6428,3636
R7_waveform_demo_acq,deterioration_mortality_28d,record,0.41,0.0012630124560977932,-0.6234588083912541,0.0,0.012601120099564406,0.04215930304915993,6428,3636
R7_waveform_demo_acq,deterioration_mortality_28d,record,0.42,0.0005418106130506625,-0.6514494775014483,0.0,0.010734287492221531,0.04215930304915993,6428,3636
R7_waveform_demo_acq,deterioration_mortality_28d,record,0.43,9.279577287961763e-05,-0.6804222753523509,0.0,0.009645301804604853,0.04215930304915993,6428,3636
R7_waveform_demo_acq,deterioration_mortality_28d,record,0.44,0.0004000355587163301,-0.710429815983643,0.0,0.007622899813316739,0.04215930304915993,6428,3636
R7_waveform_demo_acq,deterioration_mortality_28d,record,0.45,0.0007212762346552018,-0.7415285399106183,0.0,0.006378344741754823,0.04215930304915993,6428,3636
R7_waveform_demo_acq,deterioration_mortality_28d,record,0.46,0.0007893705777962156,-0.7737790684274816,0.0,0.004822650902302427,0.04215930304915993,6428,3636
R7_waveform_demo_acq,deterioration_mortality_28d,record,0.47,0.0012474903429571097,-0.8072465980204528,0.0,0.0038892345986309895,0.04215930304915993,6428,3636
R7_waveform_demo_acq,deterioration_mortality_28d,record,0.48,0.0007180125412857212,-0.842001340290077,0.0,0.0031113876789047915,0.04215930304915993,6428,3636
R7_waveform_demo_acq,deterioration_mortality_28d,record,0.49,0.0003538440889734862,-0.878119013629098,0.0,0.002489110143123833,0.04215930304915993,6428,3636
R7_waveform_demo_acq,deterioration_mortality_28d,record,0.5,0.00046670815183571883,-0.9156813939016801,0.0,0.0023335407591785935,0.04215930304915993,6428,3636
R1_prevalence,deterioration_mortality_365d,record,0.01,0.1338399552463025,0.1338399552463025,0.0,1.0,0.14250155569383946,6428,3636
R1_prevalence,deterioration_mortality_365d,record,0.02,0.12500158744269332,0.12500158744269332,0.0,1.0,0.14250155569383946,6428,3636
R1_prevalence,deterioration_mortality_365d,record,0.03,0.11598098525138088,0.11598098525138088,0.0,1.0,0.14250155569383946,6428,3636
R1_prevalence,deterioration_mortality_365d,record,0.04,0.10677245384774944,0.10677245384774944,0.0,1.0,0.14250155569383946,6428,3636
R1_prevalence,deterioration_mortality_365d,record,0.05,0.09737005862509417,0.09737005862509417,0.0,1.0,0.14250155569383946,6428,3636
R1_prevalence,deterioration_mortality_365d,record,0.06,0.08776761244025474,0.08776761244025474,0.0,1.0,0.14250155569383946,6428,3636
R1_prevalence,deterioration_mortality_365d,record,0.07,0.0779586620363865,0.0779586620363865,0.0,1.0,0.14250155569383946,6428,3636
R1_prevalence,deterioration_mortality_365d,record,0.08,0.06793647358026028,0.06793647358026028,0.0,1.0,0.14250155569383946,6428,3636
R1_prevalence,deterioration_mortality_365d,record,0.09,0.05769401724597743,0.05769401724597743,0.0,1.0,0.14250155569383946,6428,3636
R1_prevalence,deterioration_mortality_365d,record,0.1,0.047223950770932735,0.047223950770932735,0.0,1.0,0.14250155569383946,6428,3636
R1_prevalence,deterioration_mortality_365d,record,0.11,0.03651860190319041,0.03651860190319041,0.0,1.0,0.14250155569383946,6428,3636
R1_prevalence,deterioration_mortality_365d,record,0.12,0.025569949652090307,0.025569949652090307,0.0,1.0,0.14250155569383946,6428,3636
R1_prevalence,deterioration_mortality_365d,record,0.13,0.014369604245792478,0.014369604245792478,0.0,1.0,0.14250155569383946,6428,3636
R1_prevalence,deterioration_mortality_365d,record,0.14,0.0,0.0029087856905110065,0.0,0.0,0.14250155569383946,6428,3636
R1_prevalence,deterioration_mortality_365d,record,0.15,0.0,-0.008821699183718279,0.0,0.0,0.14250155569383946,6428,3636
R1_prevalence,deterioration_mortality_365d,record,0.16,0.0,-0.020831481316857803,0.0,0.0,0.14250155569383946,6428,3636
R1_prevalence,deterioration_mortality_365d,record,0.17,0.0,-0.03313065579055488,0.0,0.0,0.14250155569383946,6428,3636
R1_prevalence,deterioration_mortality_365d,record,0.18,0.0,-0.04572981012946403,0.0,0.0,0.14250155569383946,6428,3636
R1_prevalence,deterioration_mortality_365d,record,0.19,0.0,-0.058640054698963606,0.0,0.0,0.14250155569383946,6428,3636
R1_prevalence,deterioration_mortality_365d,record,0.2,0.0,-0.07187305538270067,0.0,0.0,0.14250155569383946,6428,3636
R1_prevalence,deterioration_mortality_365d,record,0.21,0.0,-0.08544106874197532,0.0,0.0,0.14250155569383946,6428,3636
R1_prevalence,deterioration_mortality_365d,record,0.22,0.0,-0.099356979879693,0.0,0.0,0.14250155569383946,6428,3636
R1_prevalence,deterioration_mortality_365d,record,0.23,0.0,-0.11363434325475394,0.0,0.0,0.14250155569383946,6428,3636
R1_prevalence,deterioration_mortality_365d,record,0.24,0.0,-0.12828742671863227,0.0,0.0,0.14250155569383946,6428,3636
R1_prevalence,deterioration_mortality_365d,record,0.25,0.0,-0.14333125907488067,0.0,0.0,0.14250155569383946,6428,3636
R1_prevalence,deterioration_mortality_365d,record,0.26,0.0,-0.15878168149481156,0.0,0.0,0.14250155569383946,6428,3636
R1_prevalence,deterioration_mortality_365d,record,0.27,0.0,-0.17465540315912406,0.0,0.0,0.14250155569383946,6428,3636
R1_prevalence,deterioration_mortality_365d,record,0.28,0.0,-0.19097006153633414,0.0,0.0,0.14250155569383946,6428,3636
R1_prevalence,deterioration_mortality_365d,record,0.29,0.0,-0.20774428775515572,0.0,0.0,0.14250155569383946,6428,3636
R1_prevalence,deterioration_mortality_365d,record,0.3,0.0,-0.22499777758022935,0.0,0.0,0.14250155569383946,6428,3636
R1_prevalence,deterioration_mortality_365d,record,0.31,0.0,-0.24275136855965299,0.0,0.0,0.14250155569383946,6428,3636
R1_prevalence,deterioration_mortality_365d,record,0.32,0.0,-0.2610271239796479,0.0,0.0,0.14250155569383946,6428,3636
R1_prevalence,deterioration_mortality_365d,record,0.33,0.0,-0.2798484243375531,0.0,0.0,0.14250155569383946,6428,3636
R1_prevalence,deterioration_mortality_365d,record,0.34,0.0,-0.2992400671305463,0.0,0.0,0.14250155569383946,6428,3636
R1_prevalence,deterioration_mortality_365d,record,0.35,0.0,-0.3192283758556316,0.0,0.0,0.14250155569383946,6428,3636
R1_prevalence,deterioration_mortality_365d,record,0.36,0.0,-0.3398413192283758,0.0,0.0,0.14250155569383946,6428,3636
R1_prevalence,deterioration_mortality_365d,record,0.37,0.0,-0.36110864175581037,0.0,0.0,0.14250155569383946,6428,3636
R1_prevalence,deterioration_mortality_365d,record,0.38,0.0,-0.38306200694542014,0.0,0.0,0.14250155569383946,6428,3636
R1_prevalence,deterioration_mortality_365d,record,0.39,0.0,-0.4057351546002632,0.0,0.0,0.14250155569383946,6428,3636
R1_prevalence,deterioration_mortality_365d,record,0.4,0.0,-0.4291640738436009,0.0,0.0,0.14250155569383946,6428,3636
R1_prevalence,deterioration_mortality_365d,record,0.41,0.0,-0.45338719373925496,0.0,0.0,0.14250155569383946,6428,3636
R1_prevalence,deterioration_mortality_365d,record,0.42,0.0,-0.4784455936313111,0.0,0.0,0.14250155569383946,6428,3636
R1_prevalence,deterioration_mortality_365d,record,0.43,0.0,-0.5043832356248429,0.0,0.0,0.14250155569383946,6428,3636
R1_prevalence,deterioration_mortality_365d,record,0.44,0.0,-0.5312472219752866,0.0,0.0,0.14250155569383946,6428,3636
R1_prevalence,deterioration_mortality_365d,record,0.45,0.0,-0.5590880805566554,0.0,0.0,0.14250155569383946,6428,3636
R1_prevalence,deterioration_mortality_365d,record,0.46,0.0,-0.5879600820484454,0.0,0.0,0.14250155569383946,6428,3636
R1_prevalence,deterioration_mortality_365d,record,0.47,0.0,-0.6179215930304914,0.0,0.0,0.14250155569383946,6428,3636
R1_prevalence,deterioration_mortality_365d,record,0.48,0.0,-0.6490354698195394,0.0,0.0,0.14250155569383946,6428,3636
R1_prevalence,deterioration_mortality_365d,record,0.49,0.0,-0.6813694986395303,0.0,0.0,0.14250155569383946,6428,3636
R1_prevalence,deterioration_mortality_365d,record,0.5,0.0,-0.714996888612321,0.0,0.0,0.14250155569383946,6428,3636
R2_demo,deterioration_mortality_365d,record,0.01,0.1338399552463025,0.1338399552463025,0.0,1.0,0.14250155569383946,6428,3636
R2_demo,deterioration_mortality_365d,record,0.02,0.12500158744269332,0.12500158744269332,0.0,1.0,0.14250155569383946,6428,3636
R2_demo,deterioration_mortality_365d,record,0.03,0.11598098525138088,0.11598098525138088,0.0,1.0,0.14250155569383946,6428,3636
R2_demo,deterioration_mortality_365d,record,0.04,0.10677245384774944,0.10677245384774944,0.0,1.0,0.14250155569383946,6428,3636
R2_demo,deterioration_mortality_365d,record,0.05,0.09737005862509417,0.09737005862509417,0.0,1.0,0.14250155569383946,6428,3636
R2_demo,deterioration_mortality_365d,record,0.06,0.08776761244025474,0.08776761244025474,0.0,1.0,0.14250155569383946,6428,3636
R2_demo,deterioration_mortality_365d,record,0.07,0.0779586620363865,0.0779586620363865,0.0,1.0,0.14250155569383946,6428,3636
R2_demo,deterioration_mortality_365d,record,0.08,0.0785557750060875,0.06793647358026028,0.0,0.854542626011201,0.14250155569383946,6428,3636
R2_demo,deterioration_mortality_365d,record,0.09,0.073957001306099,0.05769401724597743,0.0,0.8044492843808339,0.14250155569383946,6428,3636
R2_demo,deterioration_mortality_365d,record,0.1,0.0695568001106271,0.047223950770932735,0.0,0.7009956440572496,0.14250155569383946,6428,3636
R2_demo,deterioration_mortality_365d,record,0.11,0.06558910105367668,0.03651860190319041,0.0,0.6700373366521468,0.14250155569383946,6428,3636
R2_demo,deterioration_mortality_365d,record,0.12,0.0626520337161283,0.025569949652090307,0.0,0.5919415059116366,0.14250155569383946,6428,3636
R2_demo,deterioration_mortality_365d,record,0.13,0.05615697129655458,0.014369604245792478,0.0,0.4845986309894213,0.14250155569383946,6428,3636
R2_demo,deterioration_mortality_365d,record,0.14,0.053620786964009196,0.0029087856905110065,0.0,0.4273490976975731,0.14250155569383946,6428,3636
R2_demo,deterioration_mortality_365d,record,0.15,0.047842161133277196,-0.008821699183718279,0.0,0.40821406347230865,0.14250155569383946,6428,3636
R2_demo,deterioration_mortality_365d,record,0.16,0.03640323584318606,-0.020831481316857803,0.0,0.2386434349719975,0.14250155569383946,6428,3636
R2_demo,deterioration_mortality_365d,record,0.17,0.03461512509277933,-0.03313065579055488,0.0,0.23273179838207841,0.14250155569383946,6428,3636
R2_demo,deterioration_mortality_365d,record,0.18,0.031868957457465055,-0.04572981012946403,0.0,0.21608587429993778,0.14250155569383946,6428,3636
R2_demo,deterioration_mortality_365d,record,0.19,0.025344365315325697,-0.058640054698963606,0.0,0.14250155569383946,0.14250155569383946,6428,3636
R2_demo,deterioration_mortality_365d,record,0.2,0.02360765401369011,-0.07187305538270067,0.0,0.09691972619788426,0.14250155569383946,6428,3636
R2_demo,deterioration_mortality_365d,record,0.21,0.022496514458106544,-0.08544106874197532,0.0,0.0864965774735532,0.14250155569383946,6428,3636
R2_demo,deterioration_mortality_365d,record,0.22,0.02167600082970338,-0.099356979879693,0.0,0.0864965774735532,0.14250155569383946,6428,3636
R2_demo,deterioration_mortality_365d,record,0.23,0.017682379847905674,-0.11363434325475394,0.0,0.07405102675793404,0.14250155569383946,6428,3636
R2_demo,deterioration_mortality_365d,record,0.24,0.015016539481872074,-0.12828742671863227,0.0,0.06393901680149347,0.14250155569383946,6428,3636
R2_demo,deterioration_mortality_365d,record,0.25,0.00757104335200166,-0.14333125907488067,0.0,0.02893590541381456,0.14250155569383946,6428,3636
R2_demo,deterioration_mortality_365d,record,0.26,0.007282328999814999,-0.15878168149481156,0.0,0.02893590541381456,0.14250155569383946,6428,3636
R2_demo,deterioration_mortality_365d,record,0.27,0.003767762613906624,-0.17465540315912406,0.0,0.01804604853764779,0.14250155569383946,6428,3636
R2_demo,deterioration_mortality_365d,record,0.28,0.0036731660098181557,-0.19097006153633414,0.0,0.015556938394523958,0.14250155569383946,6428,3636
R2_demo,deterioration_mortality_365d,record,0.29,0.00015556938394523958,-0.20774428775515572,0.0,0.00015556938394523958,0.14250155569383946,6428,3636
R2_demo,deterioration_mortality_365d,record,0.3,0.0,-0.22499777758022935,0.0,0.0,0.14250155569383946,6428,3636
R2_demo,deterioration_mortality_365d,record,0.31,0.0,-0.24275136855965299,0.0,0.0,0.14250155569383946,6428,3636
R2_demo,deterioration_mortality_365d,record,0.32,0.0,-0.2610271239796479,0.0,0.0,0.14250155569383946,6428,3636
R2_demo,deterioration_mortality_365d,record,0.33,0.0,-0.2798484243375531,0.0,0.0,0.14250155569383946,6428,3636
R2_demo,deterioration_mortality_365d,record,0.34,0.0,-0.2992400671305463,0.0,0.0,0.14250155569383946,6428,3636
R2_demo,deterioration_mortality_365d,record,0.35,0.0,-0.3192283758556316,0.0,0.0,0.14250155569383946,6428,3636
R2_demo,deterioration_mortality_365d,record,0.36,0.0,-0.3398413192283758,0.0,0.0,0.14250155569383946,6428,3636
R2_demo,deterioration_mortality_365d,record,0.37,0.0,-0.36110864175581037,0.0,0.0,0.14250155569383946,6428,3636
R2_demo,deterioration_mortality_365d,record,0.38,0.0,-0.38306200694542014,0.0,0.0,0.14250155569383946,6428,3636
R2_demo,deterioration_mortality_365d,record,0.39,0.0,-0.4057351546002632,0.0,0.0,0.14250155569383946,6428,3636
R2_demo,deterioration_mortality_365d,record,0.4,0.0,-0.4291640738436009,0.0,0.0,0.14250155569383946,6428,3636
R2_demo,deterioration_mortality_365d,record,0.41,0.0,-0.45338719373925496,0.0,0.0,0.14250155569383946,6428,3636
R2_demo,deterioration_mortality_365d,record,0.42,0.0,-0.4784455936313111,0.0,0.0,0.14250155569383946,6428,3636
R2_demo,deterioration_mortality_365d,record,0.43,0.0,-0.5043832356248429,0.0,0.0,0.14250155569383946,6428,3636
R2_demo,deterioration_mortality_365d,record,0.44,0.0,-0.5312472219752866,0.0,0.0,0.14250155569383946,6428,3636
R2_demo,deterioration_mortality_365d,record,0.45,0.0,-0.5590880805566554,0.0,0.0,0.14250155569383946,6428,3636
R2_demo,deterioration_mortality_365d,record,0.46,0.0,-0.5879600820484454,0.0,0.0,0.14250155569383946,6428,3636
R2_demo,deterioration_mortality_365d,record,0.47,0.0,-0.6179215930304914,0.0,0.0,0.14250155569383946,6428,3636
R2_demo,deterioration_mortality_365d,record,0.48,0.0,-0.6490354698195394,0.0,0.0,0.14250155569383946,6428,3636
R2_demo,deterioration_mortality_365d,record,0.49,0.0,-0.6813694986395303,0.0,0.0,0.14250155569383946,6428,3636
R2_demo,deterioration_mortality_365d,record,0.5,0.0,-0.714996888612321,0.0,0.0,0.14250155569383946,6428,3636
R3_acqctx_pre,deterioration_mortality_365d,record,0.01,0.1338399552463025,0.1338399552463025,0.0,1.0,0.14250155569383946,6428,3636
R3_acqctx_pre,deterioration_mortality_365d,record,0.02,0.12500158744269332,0.12500158744269332,0.0,1.0,0.14250155569383946,6428,3636
R3_acqctx_pre,deterioration_mortality_365d,record,0.03,0.11599541952411807,0.11598098525138088,0.0,0.9995332918481643,0.14250155569383946,6428,3636
R3_acqctx_pre,deterioration_mortality_365d,record,0.04,0.10815313213026342,0.10677245384774944,0.0,0.95130678282514,0.14250155569383946,6428,3636
R3_acqctx_pre,deterioration_mortality_365d,record,0.05,0.10002292601447615,0.09737005862509417,0.0,0.9184816428126945,0.14250155569383946,6428,3636
R3_acqctx_pre,deterioration_mortality_365d,record,0.06,0.09314303115359664,0.08776761244025474,0.0,0.8509645301804605,0.14250155569383946,6428,3636
R3_acqctx_pre,deterioration_mortality_365d,record,0.07,0.08572709449920039,0.0779586620363865,0.0,0.7834474175482266,0.14250155569383946,6428,3636
R3_acqctx_pre,deterioration_mortality_365d,record,0.08,0.0783731500771083,0.06793647358026028,0.0,0.7380211574362165,0.14250155569383946,6428,3636
R3_acqctx_pre,deterioration_mortality_365d,record,0.09,0.07364073387719934,0.05769401724597743,0.0,0.6901057871810827,0.14250155569383946,6428,3636
R3_acqctx_pre,deterioration_mortality_365d,record,0.1,0.06810481919380489,0.047223950770932735,0.0,0.6456129433727442,0.14250155569383946,6428,3636
R3_acqctx_pre,deterioration_mortality_365d,record,0.11,0.061605476042314866,0.03651860190319041,0.0,0.5905413814561294,0.14250155569383946,6428,3636
R3_acqctx_pre,deterioration_mortality_365d,record,0.12,0.05697375120212707,0.025569949652090307,0.0,0.541537025513379,0.14250155569383946,6428,3636
R3_acqctx_pre,deterioration_mortality_365d,record,0.13,0.05210501469862454,0.014369604245792478,0.0,0.481798382078407,0.14250155569383946,6428,3636
R3_acqctx_pre,deterioration_mortality_365d,record,0.14,0.04702175077061113,0.0029087856905110065,0.0,0.40899191039203486,0.14250155569383946,6428,3636
R3_acqctx_pre,deterioration_mortality_365d,record,0.15,0.04390717083348584,-0.008821699183718279,0.0,0.3599875544492844,0.14250155569383946,6428,3636
R3_acqctx_pre,deterioration_mortality_365d,record,0.16,0.0404776720893709,-0.020831481316857803,0.0,0.3203173615432483,0.14250155569383946,6428,3636
R3_acqctx_pre,deterioration_mortality_365d,record,0.17,0.0356085199541164,-0.03313065579055488,0.0,0.2809583074051027,0.14250155569383946,6428,3636
R3_acqctx_pre,deterioration_mortality_365d,record,0.18,0.03284411188853644,-0.04572981012946403,0.0,0.24362165525824517,0.14250155569383946,6428,3636
R3_acqctx_pre,deterioration_mortality_365d,record,0.19,0.030103636098243035,-0.058640054698963606,0.0,0.2106409458618544,0.14250155569383946,6428,3636
R3_acqctx_pre,deterioration_mortality_365d,record,0.2,0.026135656502800253,-0.07187305538270067,0.0,0.18248288736776602,0.14250155569383946,6428,3636
R3_acqctx_pre,deterioration_mortality_365d,record,0.21,0.023156207415342692,-0.08544106874197532,0.0,0.1588363410080896,0.14250155569383946,6428,3636
R3_acqctx_pre,deterioration_mortality_365d,record,0.22,0.021049734335359727,-0.099356979879693,0.0,0.13892345986309895,0.14250155569383946,6428,3636
R3_acqctx_pre,deterioration_mortality_365d,record,0.23,0.017215671696069957,-0.11363434325475394,0.0,0.12025513378967019,0.14250155569383946,6428,3636
R3_acqctx_pre,deterioration_mortality_365d,record,0.24,0.015360429699014185,-0.12828742671863227,0.0,0.10563161169881767,0.14250155569383946,6428,3636
R3_acqctx_pre,deterioration_mortality_365d,record,0.25,0.012445550715619168,-0.14333125907488067,0.0,0.09271935283136279,0.14250155569383946,6428,3636
R3_acqctx_pre,deterioration_mortality_365d,record,0.26,0.01010360080055164,-0.15878168149481156,0.0,0.08074051026757934,0.14250155569383946,6428,3636
R3_acqctx_pre,deterioration_mortality_365d,record,0.27,0.008198293425168996,-0.17465540315912406,0.0,0.06829495955196017,0.14250155569383946,6428,3636
R3_acqctx_pre,deterioration_mortality_365d,record,0.28,0.0070870497130609104,-0.19097006153633414,0.0,0.05678282514001245,0.14250155569383946,6428,3636
R3_acqctx_pre,deterioration_mortality_365d,record,0.29,0.005059291655345891,-0.20774428775515572,0.0,0.04340385812072184,0.14250155569383946,6428,3636
R3_acqctx_pre,deterioration_mortality_365d,record,0.3,0.004333718552760246,-0.22499777758022935,0.0,0.033447417548226506,0.14250155569383946,6428,3636
R3_acqctx_pre,deterioration_mortality_365d,record,0.31,0.002827304456048266,-0.24275136855965299,0.0,0.02582451773490977,0.14250155569383946,6428,3636
R3_acqctx_pre,deterioration_mortality_365d,record,0.32,0.0032120502214575937,-0.2610271239796479,0.0,0.019912881144990666,0.14250155569383946,6428,3636
R3_acqctx_pre,deterioration_mortality_365d,record,0.33,0.002477500487605532,-0.2798484243375531,0.0,0.015712507778469196,0.14250155569383946,6428,3636
R3_acqctx_pre,deterioration_mortality_365d,record,0.34,0.0016971205521298855,-0.2992400671305463,0.0,0.010889856876166771,0.14250155569383946,6428,3636
R3_acqctx_pre,deterioration_mortality_365d,record,0.35,0.001591594466516682,-0.3192283758556316,0.0,0.006378344741754823,0.14250155569383946,6428,3636
R3_acqctx_pre,deterioration_mortality_365d,record,0.36,0.0012834474175482263,-0.3398413192283758,0.0,0.004200373366521469,0.14250155569383946,6428,3636
R3_acqctx_pre,deterioration_mortality_365d,record,0.37,0.0006691952864946021,-0.36110864175581037,0.0,0.002644679527069073,0.14250155569383946,6428,3636
R3_acqctx_pre,deterioration_mortality_365d,record,0.38,0.0002057530561856394,-0.38306200694542014,0.0,0.0017112632233976354,0.14250155569383946,6428,3636
R3_acqctx_pre,deterioration_mortality_365d,record,0.39,1.2751588847970412e-05,-0.4057351546002632,0.0,0.0007778469197261979,0.14250155569383946,6428,3636
R3_acqctx_pre,deterioration_mortality_365d,record,0.4,0.00020742584526031943,-0.4291640738436009,0.0,0.0004667081518357187,0.14250155569383946,6428,3636
R3_acqctx_pre,deterioration_mortality_365d,record,0.41,4.7461845949395154e-05,-0.45338719373925496,0.0,0.00031113876789047915,0.14250155569383946,6428,3636
R3_acqctx_pre,deterioration_mortality_365d,record,0.42,0.00015556938394523958,-0.4784455936313111,0.0,0.00015556938394523958,0.14250155569383946,6428,3636
R3_acqctx_pre,deterioration_mortality_365d,record,0.43,0.0,-0.5043832356248429,0.0,0.0,0.14250155569383946,6428,3636
R3_acqctx_pre,deterioration_mortality_365d,record,0.44,0.0,-0.5312472219752866,0.0,0.0,0.14250155569383946,6428,3636
R3_acqctx_pre,deterioration_mortality_365d,record,0.45,0.0,-0.5590880805566554,0.0,0.0,0.14250155569383946,6428,3636
R3_acqctx_pre,deterioration_mortality_365d,record,0.46,0.0,-0.5879600820484454,0.0,0.0,0.14250155569383946,6428,3636
R3_acqctx_pre,deterioration_mortality_365d,record,0.47,0.0,-0.6179215930304914,0.0,0.0,0.14250155569383946,6428,3636
R3_acqctx_pre,deterioration_mortality_365d,record,0.48,0.0,-0.6490354698195394,0.0,0.0,0.14250155569383946,6428,3636
R3_acqctx_pre,deterioration_mortality_365d,record,0.49,0.0,-0.6813694986395303,0.0,0.0,0.14250155569383946,6428,3636
R3_acqctx_pre,deterioration_mortality_365d,record,0.5,0.0,-0.714996888612321,0.0,0.0,0.14250155569383946,6428,3636
R3b_acqctx_window,deterioration_mortality_365d,record,0.01,0.1338415266542211,0.1338399552463025,0.0,0.9998444306160548,0.14250155569383946,6428,3636
R3b_acqctx_window,deterioration_mortality_365d,record,0.02,0.12539209834524973,0.12500158744269332,0.0,0.9730864965774736,0.14250155569383946,6428,3636
R3b_acqctx_window,deterioration_mortality_365d,record,0.03,0.11713572707035586,0.11598098525138088,0.0,0.9315494710640946,0.14250155569383946,6428,3636
R3b_acqctx_window,deterioration_mortality_365d,record,0.04,0.10945602572080482,0.10677245384774944,0.0,0.896701929060361,0.14250155569383946,6428,3636
R3b_acqctx_window,deterioration_mortality_365d,record,0.05,0.10211083090426751,0.09737005862509417,0.0,0.8290292470441817,0.14250155569383946,6428,3636
R3b_acqctx_window,deterioration_mortality_365d,record,0.06,0.09320592090455321,0.08776761244025474,0.0,0.7696017423771002,0.14250155569383946,6428,3636
R3b_acqctx_window,deterioration_mortality_365d,record,0.07,0.0863627543475788,0.0779586620363865,0.0,0.730553827006845,0.14250155569383946,6428,3636
R3b_acqctx_window,deterioration_mortality_365d,record,0.08,0.08017234382186628,0.06793647358026028,0.0,0.6862165525824517,0.14250155569383946,6428,3636
R3b_acqctx_window,deterioration_mortality_365d,record,0.09,0.07427155918132895,0.05769401724597743,0.0,0.6526135656502801,0.14250155569383946,6428,3636
R3b_acqctx_window,deterioration_mortality_365d,record,0.1,0.06907280647168637,0.047223950770932735,0.0,0.6073428749222153,0.14250155569383946,6428,3636
R3b_acqctx_window,deterioration_mortality_365d,record,0.11,0.062395558756283956,0.03651860190319041,0.0,0.5700062227753578,0.14250155569383946,6428,3636
R3b_acqctx_window,deterioration_mortality_365d,record,0.12,0.05602619222718788,0.025569949652090307,0.0,0.5342252644679527,0.14250155569383946,6428,3636
R3b_acqctx_window,deterioration_mortality_365d,record,0.13,0.0522927708516619,0.014369604245792478,0.0,0.48413192283758555,0.14250155569383946,6428,3636
R3b_acqctx_window,deterioration_mortality_365d,record,0.14,0.04731480007525216,0.0029087856905110065,0.0,0.4116365899191039,0.14250155569383946,6428,3636
R3b_acqctx_window,deterioration_mortality_365d,record,0.15,0.04366009004721988,-0.008821699183718279,0.0,0.36761045426260114,0.14250155569383946,6428,3636
R3b_acqctx_window,deterioration_mortality_365d,record,0.16,0.04065546567102261,-0.020831481316857803,0.0,0.3349408836341008,0.14250155569383946,6428,3636
R3b_acqctx_window,deterioration_mortality_365d,record,0.17,0.03758406369722824,-0.03313065579055488,0.0,0.30242688238954574,0.14250155569383946,6428,3636
R3b_acqctx_window,deterioration_mortality_365d,record,0.18,0.034968962010715324,-0.04572981012946403,0.0,0.2685127566894835,0.14250155569383946,6428,3636
R3b_acqctx_window,deterioration_mortality_365d,record,0.19,0.0317534398119339,-0.058640054698963606,0.0,0.2322650902302427,0.14250155569383946,6428,3636
R3b_acqctx_window,deterioration_mortality_365d,record,0.2,0.02811916614810206,-0.07187305538270067,0.0,0.20099564405724954,0.14250155569383946,6428,3636
R3b_acqctx_window,deterioration_mortality_365d,record,0.21,0.025535040526809133,-0.08544106874197532,0.0,0.18248288736776602,0.14250155569383946,6428,3636
R3b_acqctx_window,deterioration_mortality_365d,record,0.22,0.02178370271089624,-0.099356979879693,0.0,0.16319228375855632,0.14250155569383946,6428,3636
R3b_acqctx_window,deterioration_mortality_365d,record,0.23,0.018064231972134897,-0.11363434325475394,0.0,0.14514623522090853,0.14250155569383946,6428,3636
R3b_acqctx_window,deterioration_mortality_365d,record,0.24,0.015311302525136739,-0.12828742671863227,0.0,0.12912258867454884,0.14250155569383946,6428,3636
R3b_acqctx_window,deterioration_mortality_365d,record,0.25,0.0146753785521676,-0.14333125907488067,0.0,0.11776602364654636,0.14250155569383946,6428,3636
R3b_acqctx_window,deterioration_mortality_365d,record,0.26,0.012882826821843621,-0.15878168149481156,0.0,0.104542626011201,0.14250155569383946,6428,3636
R3b_acqctx_window,deterioration_mortality_365d,record,0.27,0.012918652129808795,-0.17465540315912406,0.0,0.09240821406347231,0.14250155569383946,6428,3636
R3b_acqctx_window,deterioration_mortality_365d,record,0.28,0.010267579340385809,-0.19097006153633414,0.0,0.08027380211574363,0.14250155569383946,6428,3636
R3b_acqctx_window,deterioration_mortality_365d,record,0.29,0.009261856139951091,-0.20774428775515572,0.0,0.0679838207840697,0.14250155569383946,6428,3636
R3b_acqctx_window,deterioration_mortality_365d,record,0.3,0.007756244999555515,-0.22499777758022935,0.0,0.057093963907902924,0.14250155569383946,6428,3636
R3b_acqctx_window,deterioration_mortality_365d,record,0.31,0.007020913936311246,-0.24275136855965299,0.0,0.04760423148724331,0.14250155569383946,6428,3636
R3b_acqctx_window,deterioration_mortality_365d,record,0.32,0.006186170796881291,-0.2610271239796479,0.0,0.03935905413814561,0.14250155569383946,6428,3636
R3b_acqctx_window,deterioration_mortality_365d,record,0.33,0.003870659149801706,-0.2798484243375531,0.0,0.031269446172993154,0.14250155569383946,6428,3636
R3b_acqctx_window,deterioration_mortality_365d,record,0.34,0.002177971375233352,-0.2992400671305463,0.0,0.02551337896701929,0.14250155569383946,6428,3636
R3b_acqctx_window,deterioration_mortality_365d,record,0.35,0.0014360250825714432,-0.3192283758556316,0.0,0.021779713752333542,0.14250155569383946,6428,3636
R3b_acqctx_window,deterioration_mortality_365d,record,0.36,0.0015848630989421277,-0.3398413192283758,0.0,0.01835718730553827,0.14250155569383946,6428,3636
R3b_acqctx_window,deterioration_mortality_365d,record,0.37,0.0011877598996453999,-0.36110864175581037,0.0,0.013534536403235844,0.14250155569383946,6428,3636
R3b_acqctx_window,deterioration_mortality_365d,record,0.38,0.0014603448621956358,-0.38306200694542014,0.0,0.009489732420659614,0.14250155569383946,6428,3636
R3b_acqctx_window,deterioration_mortality_365d,record,0.39,0.0003570444877431726,-0.4057351546002632,0.0,0.006222775357809583,0.14250155569383946,6428,3636
R3b_acqctx_window,deterioration_mortality_365d,record,0.4,0.0001037129226301595,-0.4291640738436009,0.0,0.004511512134411947,0.14250155569383946,6428,3636
R3b_acqctx_window,deterioration_mortality_365d,record,0.41,0.000305865229451658,-0.45338719373925496,0.0,0.00373366521468575,0.14250155569383946,6428,3636
R3b_acqctx_window,deterioration_mortality_365d,record,0.42,0.00018775615303735836,-0.4784455936313111,0.0,0.0023335407591785935,0.14250155569383946,6428,3636
R3b_acqctx_window,deterioration_mortality_365d,record,0.43,-0.00019923798294741205,-0.5043832356248429,0.0,0.0017112632233976354,0.14250155569383946,6428,3636
R3b_acqctx_window,deterioration_mortality_365d,record,0.44,-0.00017779358165170237,-0.5312472219752866,0.0,0.0009334163036714375,0.14250155569383946,6428,3636
R3b_acqctx_window,deterioration_mortality_365d,record,0.45,-7.071335633874521e-05,-0.5590880805566554,0.0,0.0007778469197261979,0.14250155569383946,6428,3636
R3b_acqctx_window,deterioration_mortality_365d,record,0.46,2.304731614003548e-05,-0.5879600820484454,0.0,0.00031113876789047915,0.14250155569383946,6428,3636
R3b_acqctx_window,deterioration_mortality_365d,record,0.47,1.76116283711592e-05,-0.6179215930304914,0.0,0.00031113876789047915,0.14250155569383946,6428,3636
R3b_acqctx_window,deterioration_mortality_365d,record,0.48,0.0,-0.6490354698195394,0.0,0.0,0.14250155569383946,6428,3636
R3b_acqctx_window,deterioration_mortality_365d,record,0.49,0.0,-0.6813694986395303,0.0,0.0,0.14250155569383946,6428,3636
R3b_acqctx_window,deterioration_mortality_365d,record,0.5,0.0,-0.714996888612321,0.0,0.0,0.14250155569383946,6428,3636
R4_demo_acq,deterioration_mortality_365d,record,0.01,0.1338399552463025,0.1338399552463025,0.0,1.0,0.14250155569383946,6428,3636
R4_demo_acq,deterioration_mortality_365d,record,0.02,0.12500158744269332,0.12500158744269332,0.0,1.0,0.14250155569383946,6428,3636
R4_demo_acq,deterioration_mortality_365d,record,0.03,0.11598098525138088,0.11598098525138088,0.0,1.0,0.14250155569383946,6428,3636
R4_demo_acq,deterioration_mortality_365d,record,0.04,0.10677245384774944,0.10677245384774944,0.0,1.0,0.14250155569383946,6428,3636
R4_demo_acq,deterioration_mortality_365d,record,0.05,0.09737005862509417,0.09737005862509417,0.0,1.0,0.14250155569383946,6428,3636
R4_demo_acq,deterioration_mortality_365d,record,0.06,0.08776761244025474,0.08776761244025474,0.0,1.0,0.14250155569383946,6428,3636
R4_demo_acq,deterioration_mortality_365d,record,0.07,0.0838535707355588,0.0779586620363865,0.0,0.9172370877411326,0.14250155569383946,6428,3636
R4_demo_acq,deterioration_mortality_365d,record,0.08,0.08268850951002409,0.06793647358026028,0.0,0.8128500311138768,0.14250155569383946,6428,3636
R4_demo_acq,deterioration_mortality_365d,record,0.09,0.08211670097171031,0.05769401724597743,0.0,0.7115743621655258,0.14250155569383946,6428,3636
R4_demo_acq,deterioration_mortality_365d,record,0.1,0.07781926294682984,0.047223950770932735,0.0,0.642190416925949,0.14250155569383946,6428,3636
R4_demo_acq,deterioration_mortality_365d,record,0.11,0.076195786691651,0.03651860190319041,0.0,0.578562538892346,0.14250155569383946,6428,3636
R4_demo_acq,deterioration_mortality_365d,record,0.12,0.07375403066131132,0.025569949652090307,0.0,0.5157125077784692,0.14250155569383946,6428,3636
R4_demo_acq,deterioration_mortality_365d,record,0.13,0.06987926385282778,0.014369604245792478,0.0,0.45379589296826384,0.14250155569383946,6428,3636
R4_demo_acq,deterioration_mortality_365d,record,0.14,0.0675134947395841,0.0029087856905110065,0.0,0.4009023024268824,0.14250155569383946,6428,3636
R4_demo_acq,deterioration_mortality_365d,record,0.15,0.061111314469782935,-0.008821699183718279,0.0,0.35065339141257,0.14250155569383946,6428,3636
R4_demo_acq,deterioration_mortality_365d,record,0.16,0.05672356061279521,-0.020831481316857803,0.0,0.3021157436216553,0.14250155569383946,6428,3636
R4_demo_acq,deterioration_mortality_365d,record,0.17,0.05204639341435436,-0.03313065579055488,0.0,0.26384567517112634,0.14250155569383946,6428,3636
R4_demo_acq,deterioration_mortality_365d,record,0.18,0.04839725590784221,-0.04572981012946403,0.0,0.22635345364032358,0.14250155569383946,6428,3636
R4_demo_acq,deterioration_mortality_365d,record,0.19,0.043438429094931896,-0.058640054698963606,0.0,0.19555071561916615,0.14250155569383946,6428,3636
R4_demo_acq,deterioration_mortality_365d,record,0.2,0.04103142501555694,-0.07187305538270067,0.0,0.16490354698195395,0.14250155569383946,6428,3636
R4_demo_acq,deterioration_mortality_365d,record,0.21,0.035225634683701844,-0.08544106874197532,0.0,0.1356565028002489,0.14250155569383946,6428,3636
R4_demo_acq,deterioration_mortality_365d,record,0.22,0.03147687201825347,-0.099356979879693,0.0,0.11185438705662726,0.14250155569383946,6428,3636
R4_demo_acq,deterioration_mortality_365d,record,0.23,0.027040787463936185,-0.11363434325475394,0.0,0.09209707529558182,0.14250155569383946,6428,3636
R4_demo_acq,deterioration_mortality_365d,record,0.24,0.022451118461991947,-0.12828742671863227,0.0,0.06891723708774113,0.14250155569383946,6428,3636
R4_demo_acq,deterioration_mortality_365d,record,0.25,0.01814976146027795,-0.14333125907488067,0.0,0.052582451773490975,0.14250155569383946,6428,3636
R4_demo_acq,deterioration_mortality_365d,record,0.26,0.014526816798129803,-0.15878168149481156,0.0,0.04122588674548849,0.14250155569383946,6428,3636
R4_demo_acq,deterioration_mortality_365d,record,0.27,0.010050208420352737,-0.17465540315912406,0.0,0.029869321717486,0.14250155569383946,6428,3636
R4_demo_acq,deterioration_mortality_365d,record,0.28,0.008418032220147963,-0.19097006153633414,0.0,0.02224642190416926,0.14250155569383946,6428,3636
R4_demo_acq,deterioration_mortality_365d,record,0.29,0.005449310674250857,-0.20774428775515572,0.0,0.015090230242688239,0.14250155569383946,6428,3636
R4_demo_acq,deterioration_mortality_365d,record,0.3,0.00428927015734732,-0.22499777758022935,0.0,0.010734287492221531,0.14250155569383946,6428,3636
R4_demo_acq,deterioration_mortality_365d,record,0.31,0.003339105182940577,-0.24275136855965299,0.0,0.007622899813316739,0.14250155569383946,6428,3636
R4_demo_acq,deterioration_mortality_365d,record,0.32,0.002534865844284198,-0.2610271239796479,0.0,0.004822650902302427,0.14250155569383946,6428,3636
R4_demo_acq,deterioration_mortality_365d,record,0.33,0.0016369614280805059,-0.2798484243375531,0.0,0.0023335407591785935,0.14250155569383946,6428,3636
R4_demo_acq,deterioration_mortality_365d,record,0.34,0.0013199826516565782,-0.2992400671305463,0.0,0.0015556938394523958,0.14250155569383946,6428,3636
R4_demo_acq,deterioration_mortality_365d,record,0.35,0.0006940787899095305,-0.3192283758556316,0.0,0.0009334163036714375,0.14250155569383946,6428,3636
R4_demo_acq,deterioration_mortality_365d,record,0.36,0.00015556938394523958,-0.3398413192283758,0.0,0.00015556938394523958,0.14250155569383946,6428,3636
R4_demo_acq,deterioration_mortality_365d,record,0.37,0.0,-0.36110864175581037,0.0,0.0,0.14250155569383946,6428,3636
R4_demo_acq,deterioration_mortality_365d,record,0.38,0.0,-0.38306200694542014,0.0,0.0,0.14250155569383946,6428,3636
R4_demo_acq,deterioration_mortality_365d,record,0.39,0.0,-0.4057351546002632,0.0,0.0,0.14250155569383946,6428,3636
R4_demo_acq,deterioration_mortality_365d,record,0.4,0.0,-0.4291640738436009,0.0,0.0,0.14250155569383946,6428,3636
R4_demo_acq,deterioration_mortality_365d,record,0.41,0.0,-0.45338719373925496,0.0,0.0,0.14250155569383946,6428,3636
R4_demo_acq,deterioration_mortality_365d,record,0.42,0.0,-0.4784455936313111,0.0,0.0,0.14250155569383946,6428,3636
R4_demo_acq,deterioration_mortality_365d,record,0.43,0.0,-0.5043832356248429,0.0,0.0,0.14250155569383946,6428,3636
R4_demo_acq,deterioration_mortality_365d,record,0.44,0.0,-0.5312472219752866,0.0,0.0,0.14250155569383946,6428,3636
R4_demo_acq,deterioration_mortality_365d,record,0.45,0.0,-0.5590880805566554,0.0,0.0,0.14250155569383946,6428,3636
R4_demo_acq,deterioration_mortality_365d,record,0.46,0.0,-0.5879600820484454,0.0,0.0,0.14250155569383946,6428,3636
R4_demo_acq,deterioration_mortality_365d,record,0.47,0.0,-0.6179215930304914,0.0,0.0,0.14250155569383946,6428,3636
R4_demo_acq,deterioration_mortality_365d,record,0.48,0.0,-0.6490354698195394,0.0,0.0,0.14250155569383946,6428,3636
R4_demo_acq,deterioration_mortality_365d,record,0.49,0.0,-0.6813694986395303,0.0,0.0,0.14250155569383946,6428,3636
R4_demo_acq,deterioration_mortality_365d,record,0.5,0.0,-0.714996888612321,0.0,0.0,0.14250155569383946,6428,3636
R5_tabular,deterioration_mortality_365d,record,0.01,0.13361052969018122,0.1338399552463025,0.0,0.9449284380833852,0.14250155569383946,6428,3636
R5_tabular,deterioration_mortality_365d,record,0.02,0.12739545102421804,0.12500158744269332,0.0,0.8126944617299315,0.14250155569383946,6428,3636
R5_tabular,deterioration_mortality_365d,record,0.03,0.12174186388160047,0.11598098525138088,0.0,0.7255756067205974,0.14250155569383946,6428,3636
R5_tabular,deterioration_mortality_365d,record,0.04,0.11686501763119683,0.10677245384774944,0.0,0.6411014312383323,0.14250155569383946,6428,3636
R5_tabular,deterioration_mortality_365d,record,0.05,0.11210002292601445,0.09737005862509417,0.0,0.586341008089608,0.14250155569383946,6428,3636
R5_tabular,deterioration_mortality_365d,record,0.06,0.10743555455520395,0.08776761244025474,0.0,0.5466708151835719,0.14250155569383946,6428,3636
R5_tabular,deterioration_mortality_365d,record,0.07,0.10322614100942784,0.0779586620363865,0.0,0.49984443061605477,0.14250155569383946,6428,3636
R5_tabular,deterioration_mortality_365d,record,0.08,0.09913828089066853,0.06793647358026028,0.0,0.4603298070939639,0.14250155569383946,6428,3636
R5_tabular,deterioration_mortality_365d,record,0.09,0.09440326319604478,0.05769401724597743,0.0,0.42485998755444926,0.14250155569383946,6428,3636
R5_tabular,deterioration_mortality_365d,record,0.1,0.09036852658507917,0.047223950770932735,0.0,0.3985687616677038,0.14250155569383946,6428,3636
R5_tabular,deterioration_mortality_365d,record,0.11,0.08646686197324907,0.03651860190319041,0.0,0.3738332296204107,0.14250155569383946,6428,3636
R5_tabular,deterioration_mortality_365d,record,0.12,0.08360440119929852,0.025569949652090307,0.0,0.3514312383322962,0.14250155569383946,6428,3636
R5_tabular,deterioration_mortality_365d,record,0.13,0.07948164996530982,0.014369604245792478,0.0,0.33089607965152457,0.14250155569383946,6428,3636
R5_tabular,deterioration_mortality_365d,record,0.14,0.07679338938655011,0.0029087856905110065,0.0,0.30833851897946485,0.14250155569383946,6428,3636
R5_tabular,deterioration_mortality_365d,record,0.15,0.07380394597166808,-0.008821699183718279,0.0,0.2901369010578718,0.14250155569383946,6428,3636
R5_tabular,deterioration_mortality_365d,record,0.16,0.07072480516786676,-0.020831481316857803,0.0,0.27333540759178593,0.14250155569383946,6428,3636
R5_tabular,deterioration_mortality_365d,record,0.17,0.06830433120159543,-0.03313065579055488,0.0,0.26042314872433103,0.14250155569383946,6428,3636
R5_tabular,deterioration_mortality_365d,record,0.18,0.06590829753972711,-0.04572981012946403,0.0,0.24424393279402615,0.14250155569383946,6428,3636
R5_tabular,deterioration_mortality_365d,record,0.19,0.06453248519209938,-0.058640054698963606,0.0,0.23335407591785937,0.14250155569383946,6428,3636
R5_tabular,deterioration_mortality_365d,record,0.2,0.06113876789047915,-0.07187305538270067,0.0,0.21904169259489734,0.14250155569383946,6428,3636
R5_tabular,deterioration_mortality_365d,record,0.21,0.060333351712838615,-0.08544106874197532,0.0,0.20566272557560672,0.14250155569383946,6428,3636
R5_tabular,deterioration_mortality_365d,record,0.22,0.058996697142310095,-0.099356979879693,0.0,0.19601742377100187,0.14250155569383946,6428,3636
R5_tabular,deterioration_mortality_365d,record,0.23,0.05710002505273196,-0.11363434325475394,0.0,0.18761667703795892,0.14250155569383946,6428,3636
R5_tabular,deterioration_mortality_365d,record,0.24,0.05537451282219239,-0.12828742671863227,0.0,0.179215930304916,0.14250155569383946,6428,3636
R5_tabular,deterioration_mortality_365d,record,0.25,0.05325658577058701,-0.14333125907488067,0.0,0.17128189172370878,0.14250155569383946,6428,3636
R5_tabular,deterioration_mortality_365d,record,0.26,0.05220824433643351,-0.15878168149481156,0.0,0.1619477286869944,0.14250155569383946,6428,3636
R5_tabular,deterioration_mortality_365d,record,0.27,0.05064955545515766,-0.17465540315912406,0.0,0.15230242688238954,0.14250155569383946,6428,3636
R5_tabular,deterioration_mortality_365d,record,0.28,0.048840143815252715,-0.19097006153633414,0.0,0.1449906658369633,0.14250155569383946,6428,3636
R5_tabular,deterioration_mortality_365d,record,0.29,0.04671244642716285,-0.20774428775515572,0.0,0.13830118232731797,0.14250155569383946,6428,3636
R5_tabular,deterioration_mortality_365d,record,0.3,0.04495955196017423,-0.22499777758022935,0.0,0.1320784069695084,0.14250155569383946,6428,3636
R5_tabular,deterioration_mortality_365d,record,0.31,0.04293940459763895,-0.24275136855965299,0.0,0.12523335407591785,0.14250155569383946,6428,3636
R5_tabular,deterioration_mortality_365d,record,0.32,0.041573630074307255,-0.2610271239796479,0.0,0.12118855009334163,0.14250155569383946,6428,3636
R5_tabular,deterioration_mortality_365d,record,0.33,0.03981879649667035,-0.2798484243375531,0.0,0.11621032980709396,0.14250155569383946,6428,3636
R5_tabular,deterioration_mortality_365d,record,0.34,0.03839735249193868,-0.2992400671305463,0.0,0.11123210952084629,0.14250155569383946,6428,3636
R5_tabular,deterioration_mortality_365d,record,0.35,0.03615193145373606,-0.3192283758556316,0.0,0.1053204729309272,0.14250155569383946,6428,3636
R5_tabular,deterioration_mortality_365d,record,0.36,0.03458501866832607,-0.3398413192283758,0.0,0.1014312383322962,0.14250155569383946,6428,3636
R5_tabular,deterioration_mortality_365d,record,0.37,0.033430132061121484,-0.36110864175581037,0.0,0.09738643434971997,0.14250155569383946,6428,3636
R5_tabular,deterioration_mortality_365d,record,0.38,0.031951944115462594,-0.38306200694542014,0.0,0.09443061605476043,0.14250155569383946,6428,3636
R5_tabular,deterioration_mortality_365d,record,0.39,0.029208789415161127,-0.4057351546002632,0.0,0.08914125700062228,0.14250155569383946,6428,3636
R5_tabular,deterioration_mortality_365d,record,0.4,0.02820991495540344,-0.4291640738436009,0.0,0.08525202240199128,0.14250155569383946,6428,3636
R5_tabular,deterioration_mortality_365d,record,0.41,0.027356480651387478,-0.45338719373925496,0.0,0.08167392657125078,0.14250155569383946,6428,3636
R5_tabular,deterioration_mortality_365d,record,0.42,0.026961783576164626,-0.4784455936313111,0.0,0.07685127566894835,0.14250155569383946,6428,3636
R5_tabular,deterioration_mortality_365d,record,0.43,0.025900937783163578,-0.5043832356248429,0.0,0.0731176104542626,0.14250155569383946,6428,3636
R5_tabular,deterioration_mortality_365d,record,0.44,0.02363543426082319,-0.5312472219752866,0.0,0.06891723708774113,0.14250155569383946,6428,3636
R5_tabular,deterioration_mortality_365d,record,0.45,0.023222266221643948,-0.5590880805566554,0.0,0.06565028002489111,0.14250155569383946,6428,3636
R5_tabular,deterioration_mortality_365d,record,0.46,0.02147433681347807,-0.5879600820484454,0.0,0.06238332296204107,0.14250155569383946,6428,3636
R5_tabular,deterioration_mortality_365d,record,0.47,0.021131018773995845,-0.6179215930304914,0.0,0.05958307405102676,0.14250155569383946,6428,3636
R5_tabular,deterioration_mortality_365d,record,0.48,0.019494040495907333,-0.6490354698195394,0.0,0.05569383945239577,0.14250155569383946,6428,3636
R5_tabular,deterioration_mortality_365d,record,0.49,0.018878802298766425,-0.6813694986395303,0.0,0.05273802115743622,0.14250155569383946,6428,3636
R5_tabular,deterioration_mortality_365d,record,0.5,0.017579340385812072,-0.714996888612321,0.0,0.050248911014312385,0.14250155569383946,6428,3636
R6_waveform,deterioration_mortality_365d,record,0.01,0.1338399552463025,0.1338399552463025,0.0,1.0,0.14250155569383946,6428,3636
R6_waveform,deterioration_mortality_365d,record,0.02,0.12500158744269332,0.12500158744269332,0.0,1.0,0.14250155569383946,6428,3636
R6_waveform,deterioration_mortality_365d,record,0.03,0.11583022729168135,0.11598098525138088,0.0,0.9996888612321095,0.14250155569383946,6428,3636
R6_waveform,deterioration_mortality_365d,record,0.04,0.10677893590541379,0.10677245384774944,0.0,0.9959551960174238,0.14250155569383946,6428,3636
R6_waveform,deterioration_mortality_365d,record,0.05,0.09765663380604592,0.09737005862509417,0.0,0.988332296204107,0.14250155569383946,6428,3636
R6_waveform,deterioration_mortality_365d,record,0.06,0.08871095870460355,0.08776761244025474,0.0,0.9774424393279403,0.14250155569383946,6428,3636
R6_waveform,deterioration_mortality_365d,record,0.07,0.07994426266803165,0.0779586620363865,0.0,0.9625077784691972,0.14250155569383946,6428,3636
R6_waveform,deterioration_mortality_365d,record,0.08,0.071683666567463,0.06793647358026028,0.0,0.9452395768512757,0.14250155569383946,6428,3636
R6_waveform,deterioration_mortality_365d,record,0.09,0.06400568939461287,0.05769401724597743,0.0,0.924082140634723,0.14250155569383946,6428,3636
R6_waveform,deterioration_mortality_365d,record,0.1,0.056800110627117456,0.047223950770932735,0.0,0.9013690105787181,0.14250155569383946,6428,3636
R6_waveform,deterioration_mortality_365d,record,0.11,0.050156268572187676,0.03651860190319041,0.0,0.8783447417548227,0.14250155569383946,6428,3636
R6_waveform,deterioration_mortality_365d,record,0.12,0.04367256887480908,0.025569949652090307,0.0,0.8529869321717486,0.14250155569383946,6428,3636
R6_waveform,deterioration_mortality_365d,record,0.13,0.03836662875780528,0.014369604245792478,0.0,0.8226509023024269,0.14250155569383946,6428,3636
R6_waveform,deterioration_mortality_365d,record,0.14,0.03395392251921099,0.0029087856905110065,0.0,0.7926260112009956,0.14250155569383946,6428,3636
R6_waveform,deterioration_mortality_365d,record,0.15,0.02855155752406749,-0.008821699183718279,0.0,0.7685127566894835,0.14250155569383946,6428,3636
R6_waveform,deterioration_mortality_365d,record,0.16,0.024157702906925052,-0.020831481316857803,0.0,0.7414436838830119,0.14250155569383946,6428,3636
R6_waveform,deterioration_mortality_365d,record,0.17,0.02082380548953748,-0.03313065579055488,0.0,0.7109520846297449,0.14250155569383946,6428,3636
R6_waveform,deterioration_mortality_365d,record,0.18,0.018489990438174467,-0.04572981012946403,0.0,0.6771935283136279,0.14250155569383946,6428,3636
R6_waveform,deterioration_mortality_365d,record,0.19,0.015180498897570074,-0.058640054698963606,0.0,0.6509023024268824,0.14250155569383946,6428,3636
R6_waveform,deterioration_mortality_365d,record,0.2,0.012912258867454882,-0.07187305538270067,0.0,0.6235220908525202,0.14250155569383946,6428,3636
R6_waveform,deterioration_mortality_365d,record,0.21,0.011392011216749515,-0.08544106874197532,0.0,0.5934971997510889,0.14250155569383946,6428,3636
R6_waveform,deterioration_mortality_365d,record,0.22,0.010830022497726313,-0.099356979879693,0.0,0.5654947106409458,0.14250155569383946,6428,3636
R6_waveform,deterioration_mortality_365d,record,0.23,0.010249395905898726,-0.11363434325475394,0.0,0.5365588052271313,0.14250155569383946,6428,3636
R6_waveform,deterioration_mortality_365d,record,0.24,0.00843349818229458,-0.12828742671863227,0.0,0.5087118855009334,0.14250155569383946,6428,3636
R6_waveform,deterioration_mortality_365d,record,0.25,0.00912673719145407,-0.14333125907488067,0.0,0.47853142501555695,0.14250155569383946,6428,3636
R6_waveform,deterioration_mortality_365d,record,0.26,0.008783363325989335,-0.15878168149481156,0.0,0.45068450528935905,0.14250155569383946,6428,3636
R6_waveform,deterioration_mortality_365d,record,0.27,0.00924678845121088,-0.17465540315912406,0.0,0.42672682016179214,0.14250155569383946,6428,3636
R6_waveform,deterioration_mortality_365d,record,0.28,0.010207080135518201,-0.19097006153633414,0.0,0.39934660858743,0.14250155569383946,6428,3636
R6_waveform,deterioration_mortality_365d,record,0.29,0.008941952899725672,-0.20774428775515572,0.0,0.3750777846919726,0.14250155569383946,6428,3636
R6_waveform,deterioration_mortality_365d,record,0.3,0.01006756156102763,-0.22499777758022935,0.0,0.3498755444928438,0.14250155569383946,6428,3636
R6_waveform,deterioration_mortality_365d,record,0.31,0.009703922152178412,-0.24275136855965299,0.0,0.32918481642812697,0.14250155569383946,6428,3636
R6_waveform,deterioration_mortality_365d,record,0.32,0.012802445184669997,-0.2610271239796479,0.0,0.30289359054138143,0.14250155569383946,6428,3636
R6_waveform,deterioration_mortality_365d,record,0.33,0.013306987155077124,-0.2798484243375531,0.0,0.2789359054138146,0.14250155569383946,6428,3636
R6_waveform,deterioration_mortality_365d,record,0.34,0.014133242820237202,-0.2992400671305463,0.0,0.25762289981331676,0.14250155569383946,6428,3636
R6_waveform,deterioration_mortality_365d,record,0.35,0.013486668900483473,-0.3192283758556316,0.0,0.23319850653391413,0.14250155569383946,6428,3636
R6_waveform,deterioration_mortality_365d,record,0.36,0.011599642190416912,-0.3398413192283758,0.0,0.20970752955818295,0.14250155569383946,6428,3636
R6_waveform,deterioration_mortality_365d,record,0.37,0.014095080056498843,-0.36110864175581037,0.0,0.18917237087741132,0.14250155569383946,6428,3636
R6_waveform,deterioration_mortality_365d,record,0.38,0.013790473131661887,-0.38306200694542014,0.0,0.17237087741132545,0.14250155569383946,6428,3636
R6_waveform,deterioration_mortality_365d,record,0.39,0.015046874840605136,-0.4057351546002632,0.0,0.1555693839452396,0.14250155569383946,6428,3636
R6_waveform,deterioration_mortality_365d,record,0.4,0.01623107239162,-0.4291640738436009,0.0,0.13861232109520846,0.14250155569383946,6428,3636
R6_waveform,deterioration_mortality_365d,record,0.41,0.015596489932815136,-0.45338719373925496,0.0,0.12212196639701307,0.14250155569383946,6428,3636
R6_waveform,deterioration_mortality_365d,record,0.42,0.015996824238782917,-0.4784455936313111,0.0,0.11014312383322962,0.14250155569383946,6428,3636
R6_waveform,deterioration_mortality_365d,record,0.43,0.014967412307994636,-0.5043832356248429,0.0,0.09520846297448662,0.14250155569383946,6428,3636
R6_waveform,deterioration_mortality_365d,record,0.44,0.013223397635345361,-0.5312472219752866,0.0,0.08322962041070317,0.14250155569383946,6428,3636
R6_waveform,deterioration_mortality_365d,record,0.45,0.013152684279006625,-0.5590880805566554,0.0,0.07622899813316739,0.14250155569383946,6428,3636
R6_waveform,deterioration_mortality_365d,record,0.46,0.01284311691903478,-0.5879600820484454,0.0,0.0664281269446173,0.14250155569383946,6428,3636
R6_waveform,deterioration_mortality_365d,record,0.47,0.012219534818189295,-0.6179215930304914,0.0,0.05771624144368388,0.14250155569383946,6428,3636
R6_waveform,deterioration_mortality_365d,record,0.48,0.011787372552773925,-0.6490354698195394,0.0,0.045892968263845674,0.14250155569383946,6428,3636
R6_waveform,deterioration_mortality_365d,record,0.49,0.011539587832643947,-0.6813694986395303,0.0,0.036247666459240824,0.14250155569383946,6428,3636
R6_waveform,deterioration_mortality_365d,record,0.5,0.010267579340385814,-0.714996888612321,0.0,0.029869321717486,0.14250155569383946,6428,3636
R7_waveform_demo_acq,deterioration_mortality_365d,record,0.01,0.1338399552463025,0.1338399552463025,0.0,1.0,0.14250155569383946,6428,3636
R7_waveform_demo_acq,deterioration_mortality_365d,record,0.02,0.12500158744269332,0.12500158744269332,0.0,1.0,0.14250155569383946,6428,3636
R7_waveform_demo_acq,deterioration_mortality_365d,record,0.03,0.11598098525138088,0.11598098525138088,0.0,1.0,0.14250155569383946,6428,3636
R7_waveform_demo_acq,deterioration_mortality_365d,record,0.04,0.10677245384774944,0.10677245384774944,0.0,1.0,0.14250155569383946,6428,3636
R7_waveform_demo_acq,deterioration_mortality_365d,record,0.05,0.09737824648740707,0.09737005862509417,0.0,0.9998444306160548,0.14250155569383946,6428,3636
R7_waveform_demo_acq,deterioration_mortality_365d,record,0.06,0.08803572137854335,0.08776761244025474,0.0,0.9957996266334785,0.14250155569383946,6428,3636
R7_waveform_demo_acq,deterioration_mortality_365d,record,0.07,0.07889207834005792,0.0779586620363865,0.0,0.9853764779091475,0.14250155569383946,6428,3636
R7_waveform_demo_acq,deterioration_mortality_365d,record,0.08,0.07036470874705769,0.06793647358026028,0.0,0.970130678282514,0.14250155569383946,6428,3636
R7_waveform_demo_acq,deterioration_mortality_365d,record,0.09,0.06224484911479311,0.05769401724597743,0.0,0.9505289359054138,0.14250155569383946,6428,3636
R7_waveform_demo_acq,deterioration_mortality_365d,record,0.1,0.05444928438083385,0.047223950770932735,0.0,0.9256378344741755,0.14250155569383946,6428,3636
R7_waveform_demo_acq,deterioration_mortality_365d,record,0.11,0.048025492403319756,0.03651860190319041,0.0,0.8984131922837586,0.14250155569383946,6428,3636
R7_waveform_demo_acq,deterioration_mortality_365d,record,0.12,0.04148752616394184,0.025569949652090307,0.0,0.8728998133167393,0.14250155569383946,6428,3636
R7_waveform_demo_acq,deterioration_mortality_365d,record,0.13,0.0363245570742942,0.014369604245792478,0.0,0.8434971997510889,0.14250155569383946,6428,3636
R7_waveform_demo_acq,deterioration_mortality_365d,record,0.14,0.03135627559659049,0.0029087856905110065,0.0,0.8119166148102054,0.14250155569383946,6428,3636
R7_waveform_demo_acq,deterioration_mortality_365d,record,0.15,0.027325304732969707,-0.008821699183718279,0.0,0.7806471686372122,0.14250155569383946,6428,3636
R7_waveform_demo_acq,deterioration_mortality_365d,record,0.16,0.02276498651732005,-0.020831481316857803,0.0,0.752644679527069,0.14250155569383946,6428,3636
R7_waveform_demo_acq,deterioration_mortality_365d,record,0.17,0.019165023504097267,-0.03313065579055488,0.0,0.727286869943995,0.14250155569383946,6428,3636
R7_waveform_demo_acq,deterioration_mortality_365d,record,0.18,0.016201982181614005,-0.04572981012946403,0.0,0.6953951462352209,0.14250155569383946,6428,3636
R7_waveform_demo_acq,deterioration_mortality_365d,record,0.19,0.013599837132299286,-0.058640054698963606,0.0,0.6691039203484754,0.14250155569383946,6428,3636
R7_waveform_demo_acq,deterioration_mortality_365d,record,0.2,0.012134411947728685,-0.07187305538270067,0.0,0.6390790292470442,0.14250155569383946,6428,3636
R7_waveform_demo_acq,deterioration_mortality_365d,record,0.21,0.012083211897316357,-0.08544106874197532,0.0,0.6042314872433105,0.14250155569383946,6428,3636
R7_waveform_demo_acq,deterioration_mortality_365d,record,0.22,0.011240885229684222,-0.099356979879693,0.0,0.5774735532047293,0.14250155569383946,6428,3636
R7_waveform_demo_acq,deterioration_mortality_365d,record,0.23,0.010802980466950607,-0.11363434325475394,0.0,0.5462041070317362,0.14250155569383946,6428,3636
R7_waveform_demo_acq,deterioration_mortality_365d,record,0.24,0.010938984050044218,-0.12828742671863227,0.0,0.5163347853142501,0.14250155569383946,6428,3636
R7_waveform_demo_acq,deterioration_mortality_365d,record,0.25,0.01171956025720805,-0.14333125907488067,0.0,0.48879900435594276,0.14250155569383946,6428,3636
R7_waveform_demo_acq,deterioration_mortality_365d,record,0.26,0.012470778183285944,-0.15878168149481156,0.0,0.46172993154947106,0.14250155569383946,6428,3636
R7_waveform_demo_acq,deterioration_mortality_365d,record,0.27,0.012935700829419222,-0.17465540315912406,0.0,0.43403858120721844,0.14250155569383946,6428,3636
R7_waveform_demo_acq,deterioration_mortality_365d,record,0.28,0.014735877757035179,-0.19097006153633414,0.0,0.4060360920970753,0.14250155569383946,6428,3636
R7_waveform_demo_acq,deterioration_mortality_365d,record,0.29,0.016054322199531956,-0.20774428775515572,0.0,0.37912258867454884,0.14250155569383946,6428,3636
R7_waveform_demo_acq,deterioration_mortality_365d,record,0.3,0.01722375322250866,-0.22499777758022935,0.0,0.3570317361543248,0.14250155569383946,6428,3636
R7_waveform_demo_acq,deterioration_mortality_365d,record,0.31,0.01743278951687814,-0.24275136855965299,0.0,0.3310516490354698,0.14250155569383946,6428,3636
R7_waveform_demo_acq,deterioration_mortality_365d,record,0.32,0.01843954756762692,-0.2610271239796479,0.0,0.31036092097075296,0.14250155569383946,6428,3636
R7_waveform_demo_acq,deterioration_mortality_365d,record,0.33,0.020467822678765457,-0.2798484243375531,0.0,0.28702551337896703,0.14250155569383946,6428,3636
R7_waveform_demo_acq,deterioration_mortality_365d,record,0.34,0.021624144368388276,-0.2992400671305463,0.0,0.26275668948350966,0.14250155569383946,6428,3636
R7_waveform_demo_acq,deterioration_mortality_365d,record,0.35,0.022138720022976413,-0.3192283758556316,0.0,0.24424393279402615,0.14250155569383946,6428,3636
R7_waveform_demo_acq,deterioration_mortality_365d,record,0.36,0.023345130678282505,-0.3398413192283758,0.0,0.22339763534536403,0.14250155569383946,6428,3636
R7_waveform_demo_acq,deterioration_mortality_365d,record,0.37,0.02047095544295295,-0.36110864175581037,0.0,0.20690728064716865,0.14250155569383946,6428,3636
R7_waveform_demo_acq,deterioration_mortality_365d,record,0.38,0.021684364775076785,-0.38306200694542014,0.0,0.18528313627878035,0.14250155569383946,6428,3636
R7_waveform_demo_acq,deterioration_mortality_365d,record,0.39,0.02305742295490018,-0.4057351546002632,0.0,0.168170504044804,0.14250155569383946,6428,3636
R7_waveform_demo_acq,deterioration_mortality_365d,record,0.4,0.02219456544285417,-0.4291640738436009,0.0,0.15261356565028003,0.14250155569383946,6428,3636
R7_waveform_demo_acq,deterioration_mortality_365d,record,0.41,0.021579319291658322,-0.45338719373925496,0.0,0.13627878033602986,0.14250155569383946,6428,3636
R7_waveform_demo_acq,deterioration_mortality_365d,record,0.42,0.02085702637169281,-0.4784455936313111,0.0,0.12009956440572496,0.14250155569383946,6428,3636
R7_waveform_demo_acq,deterioration_mortality_365d,record,0.43,0.02082719243659866,-0.5043832356248429,0.0,0.10625388923459864,0.14250155569383946,6428,3636
R7_waveform_demo_acq,deterioration_mortality_365d,record,0.44,0.02130189350164459,-0.5312472219752866,0.0,0.09380833851897946,0.14250155569383946,6428,3636
R7_waveform_demo_acq,deterioration_mortality_365d,record,0.45,0.019262318266674214,-0.5590880805566554,0.0,0.08120721841941506,0.14250155569383946,6428,3636
R7_waveform_demo_acq,deterioration_mortality_365d,record,0.46,0.017003157482311185,-0.5879600820484454,0.0,0.07202862476664593,0.14250155569383946,6428,3636
R7_waveform_demo_acq,deterioration_mortality_365d,record,0.47,0.01641990818471076,-0.6179215930304914,0.0,0.06191661481020535,0.14250155569383946,6428,3636
R7_waveform_demo_acq,deterioration_mortality_365d,record,0.48,0.014240582068833472,-0.6490354698195394,0.0,0.05522713130056005,0.14250155569383946,6428,3636
R7_waveform_demo_acq,deterioration_mortality_365d,record,0.49,0.015102431762997668,-0.6813694986395303,0.0,0.046826384567517115,0.14250155569383946,6428,3636
R7_waveform_demo_acq,deterioration_mortality_365d,record,0.5,0.013378967019290604,-0.714996888612321,0.0,0.03702551337896702,0.14250155569383946,6428,3636
